Version,Set,Item1,Item2,Item3,Item4
1,1,7,2,1,5
1,2,6,2,3,8
1,3,9,4,3,7
1,4,8,4,5,10
1,5,9,5,6,11
1,6,12,10,6,7
1,7,11,13,8,7
1,8,9,12,14,8
1,9,9,10,13,15
1,10,10,11,16,14
1,11,17,15,12,11
1,12,13,12,16,1
1,13,13,2,17,14
1,14,1,14,15,3
2,1,3,2,6,8
2,2,7,9,3,4
2,3,8,10,5,4
2,4,5,11,9,6
2,5,7,6,12,10
2,6,7,11,13,8
2,7,12,8,14,9
2,8,10,13,9,15
2,9,11,14,16,10
2,10,12,17,11,15
2,11,16,13,12,1
2,12,17,14,13,2
2,13,14,15,3,1
2,14,15,16,2,4
3,1,9,7,3,4
3,2,8,4,10,5
3,3,5,11,9,6
3,4,6,7,12,10
3,5,7,11,13,8
3,6,12,8,14,9
3,7,15,10,13,9
3,8,11,14,10,16
3,9,15,11,17,12
3,10,16,13,1,12
3,11,2,14,17,13
3,12,15,3,14,1
3,13,4,15,16,2
3,14,17,5,16,3
4,1,10,8,5,4
4,2,11,5,9,6
4,3,7,6,12,10
4,4,11,8,7,13
4,5,12,9,8,14
4,6,9,10,15,13
4,7,14,11,10,16
4,8,11,12,15,17
4,9,13,12,16,1
4,10,2,13,14,17
4,11,15,1,14,3
4,12,4,15,2,16
4,13,17,16,3,5
4,14,4,1,17,6
5,1,9,6,11,5
5,2,7,12,6,10
5,3,13,8,7,11
5,4,12,9,8,14
5,5,15,10,9,13
5,6,11,14,10,16
5,7,17,11,12,15
5,8,13,1,12,16
5,9,2,14,17,13
5,10,15,1,14,3
5,11,4,2,16,15
5,12,16,17,5,3
5,13,1,17,4,6
5,14,7,5,1,2
6,1,7,12,10,6
6,2,7,13,11,8
6,3,8,9,14,12
6,4,13,10,15,9
6,5,11,16,14,10
6,6,12,15,11,17
6,7,16,12,1,13
6,8,13,17,2,14
6,9,15,1,14,3
6,10,4,15,16,2
6,11,3,5,17,16
6,12,4,6,1,17
6,13,2,1,7,5
6,14,6,8,3,2
7,1,11,13,7,8
7,2,9,12,8,14
7,3,10,13,9,15
7,4,11,16,14,10
7,5,17,11,15,12
7,6,13,16,12,1
7,7,13,14,2,17
7,8,3,1,14,15
7,9,15,16,4,2
7,10,3,5,16,17
7,11,4,17,6,1
7,12,1,5,7,2
7,13,2,3,6,8
7,14,9,7,3,4
8,1,12,8,14,9
8,2,15,13,9,10
8,3,10,14,16,11
8,4,17,11,12,15
8,5,13,12,1,16
8,6,13,17,2,14
8,7,14,1,3,15
8,8,4,16,15,2
8,9,5,17,16,3
8,10,4,1,17,6
8,11,7,5,1,2
8,12,8,6,2,3
8,13,3,9,7,4
8,14,10,8,4,5
9,1,15,10,9,13
9,2,16,14,11,10
9,3,15,17,12,11
9,4,16,13,1,12
9,5,13,17,2,14
9,6,15,14,3,1
9,7,2,15,4,16
9,8,5,16,17,3
9,9,17,6,4,1
9,10,1,5,7,2
9,11,6,3,8,2
9,12,9,4,7,3
9,13,5,4,8,10
9,14,6,11,5,9
10,1,11,14,10,16
10,2,12,17,15,11
10,3,1,13,12,16
10,4,2,13,17,14
10,5,14,1,15,3
10,6,16,4,2,15
10,7,16,5,3,17
10,8,1,6,4,17
10,9,7,1,5,2
10,10,6,8,3,2
10,11,9,3,4,7
10,12,5,8,10,4
10,13,9,5,6,11
10,14,6,10,7,12
11,1,12,15,17,11
11,2,16,1,12,13
11,3,14,2,13,17
11,4,14,3,15,1
11,5,16,15,2,4
11,6,3,5,16,17
11,7,4,6,1,17
11,8,5,1,2,7
11,9,6,2,3,8
11,10,3,9,4,7
11,11,10,8,4,5
11,12,9,11,5,6
11,13,7,6,10,12
11,14,8,11,13,7
12,1,12,13,1,16
12,2,2,14,17,13
12,3,3,1,15,14
12,4,16,4,15,2
12,5,3,17,16,5
12,6,6,17,1,4
12,7,1,2,7,5
12,8,3,8,6,2
12,9,7,4,9,3
12,10,8,10,4,5
12,11,11,6,9,5
12,12,12,10,6,7
12,13,7,13,8,11
12,14,14,12,9,8
13,1,14,17,13,2
13,2,15,3,1,14
13,3,4,2,15,16
13,4,17,5,16,3
13,5,6,1,4,17
13,6,2,5,7,1
13,7,3,6,8,2
13,8,7,9,4,3
13,9,4,10,8,5
13,10,11,9,6,5
13,11,7,10,6,12
13,12,11,8,7,13
13,13,9,8,12,14
13,14,10,9,15,13
14,1,3,15,1,14
14,2,2,15,4,16
14,3,5,17,16,3
14,4,6,4,1,17
14,5,5,1,2,7
14,6,6,8,2,3
14,7,4,7,3,9
14,8,8,4,5,10
14,9,5,6,11,9
14,10,12,6,10,7
14,11,13,8,11,7
14,12,9,8,14,12
14,13,15,9,13,10
14,14,11,10,16,14
15,1,4,16,2,15
15,2,5,3,16,17
15,3,6,4,1,17
15,4,1,7,5,2
15,5,2,3,6,8
15,6,3,4,9,7
15,7,5,10,8,4
15,8,11,5,6,9
15,9,10,12,7,6
15,10,13,7,8,11
15,11,12,14,8,9
15,12,10,9,13,15
15,13,10,16,11,14
15,14,11,17,15,12
16,1,16,3,17,5
16,2,4,6,17,1
16,3,5,2,1,7
16,4,3,2,8,6
16,5,9,4,3,7
16,6,4,10,5,8
16,7,9,11,5,6
16,8,10,12,7,6
16,9,7,13,11,8
16,10,12,9,8,14
16,11,10,15,9,13
16,12,11,14,10,16
16,13,11,15,17,12
16,14,12,16,1,13
17,1,1,6,4,17
17,2,5,7,1,2
17,3,3,2,6,8
17,4,4,9,3,7
17,5,4,5,8,10
17,6,11,5,9,6
17,7,10,6,12,7
17,8,7,11,13,8
17,9,9,12,8,14
17,10,13,15,10,9
17,11,10,11,14,16
17,12,17,11,15,12
17,13,13,16,12,1
17,14,2,13,17,14
18,1,8,9,3,1
18,2,2,4,9,10
18,3,10,5,11,3
18,4,6,11,4,12
18,5,13,7,12,5
18,6,8,13,14,6
18,7,7,14,9,15
18,8,15,8,16,10
18,9,9,11,17,16
18,10,12,17,1,10
18,11,2,1,13,11
18,12,12,14,3,2
18,13,15,13,4,3
18,14,14,16,5,4
19,1,2,10,9,4
19,2,11,10,5,3
19,3,11,6,4,12
19,4,7,5,12,13
19,5,8,14,6,13
19,6,7,15,9,14
19,7,15,16,8,10
19,8,11,9,16,17
19,9,1,12,10,17
19,10,13,1,2,11
19,11,3,2,14,12
19,12,4,15,13,3
19,13,4,16,5,14
19,14,15,5,17,6
20,1,11,5,10,3
20,2,11,6,4,12
20,3,12,13,5,7
20,4,13,6,14,8
20,5,15,7,14,9
20,6,8,15,16,10
20,7,11,17,9,16
20,8,1,17,10,12
20,9,1,2,13,11
20,10,12,14,3,2
20,11,4,15,3,13
20,12,4,14,5,16
20,13,5,15,17,6
20,14,1,7,6,16
21,1,11,6,12,4
21,2,7,13,5,12
21,3,14,8,13,6
21,4,9,7,14,15
21,5,10,8,16,15
21,6,17,11,9,16
21,7,12,10,1,17
21,8,1,13,2,11
21,9,2,12,3,14
21,10,3,4,15,13
21,11,14,16,5,4
21,12,6,5,15,17
21,13,7,6,1,16
21,14,17,2,7,8
22,1,7,5,12,13
22,2,8,13,14,6
22,3,15,14,7,9
22,4,15,16,8,10
22,5,16,11,17,9
22,6,1,10,17,12
22,7,1,11,2,13
22,8,2,14,3,12
22,9,4,13,15,3
22,10,16,14,5,4
22,11,17,5,6,15
22,12,7,6,16,1
22,13,17,8,7,2
22,14,8,9,1,3
23,1,14,13,6,8
23,2,14,15,9,7
23,3,16,8,10,15
23,4,11,17,16,9
23,5,12,10,1,17
23,6,2,11,1,13
23,7,3,12,2,14
23,8,3,4,15,13
23,9,4,5,14,16
23,10,5,15,6,17
23,11,7,1,6,16
23,12,17,7,2,8
23,13,1,9,8,3
23,14,4,10,9,2
24,1,9,15,14,7
24,2,10,15,16,8
24,3,16,11,17,9
24,4,12,17,10,1
24,5,11,13,2,1
24,6,3,12,2,14
24,7,4,3,15,13
24,8,16,14,4,5
24,9,15,17,6,5
24,10,16,1,6,7
24,11,7,2,17,8
24,12,3,9,1,8
24,13,10,4,9,2
24,14,3,10,11,5
25,1,15,8,16,10
25,2,11,17,16,9
25,3,17,1,10,12
25,4,1,2,13,11
25,5,14,3,12,2
25,6,3,13,15,4
25,7,5,4,16,14
25,8,17,5,15,6
25,9,7,16,6,1
25,10,17,7,2,8
25,11,8,3,1,9
25,12,9,2,4,10
25,13,10,11,3,5
25,14,4,11,6,12
26,1,17,16,11,9
26,2,1,10,17,12
26,3,11,2,1,13
26,4,3,2,14,12
26,5,3,15,4,13
26,6,16,14,4,5
26,7,15,5,6,17
26,8,7,1,16,6
26,9,8,2,7,17
26,10,3,8,1,9
26,11,10,2,9,4
26,12,10,3,5,11
26,13,12,4,6,11
26,14,12,7,13,5
27,1,17,1,12,10
27,2,11,13,2,1
27,3,14,12,2,3
27,4,4,13,15,3
27,5,5,14,16,4
27,6,17,6,5,15
27,7,16,7,1,6
27,8,7,8,2,17
27,9,8,3,9,1
27,10,2,9,4,10
27,11,5,3,11,10
27,12,6,11,4,12
27,13,12,7,5,13
27,14,14,8,13,6
28,1,13,11,1,2
28,2,2,3,12,14
28,3,15,13,3,4
28,4,5,16,4,14
28,5,5,6,17,15
28,6,16,1,6,7
28,7,17,7,2,8
28,8,3,8,9,1
28,9,10,4,9,2
28,10,11,3,10,5
28,11,12,11,6,4
28,12,5,7,12,13
28,13,13,6,8,14
28,14,14,9,15,7
29,1,3,12,2,14
29,2,15,3,4,13
29,3,4,5,14,16
29,4,17,6,15,5
29,5,16,7,1,6
29,6,17,7,2,8
29,7,3,8,9,1
29,8,2,4,9,10
29,9,10,11,3,5
29,10,4,11,12,6
29,11,7,13,5,12
29,12,6,13,8,14
29,13,14,7,15,9
29,14,8,16,10,15
30,1,13,3,15,4
30,2,16,4,5,14
30,3,5,15,17,6
30,4,16,1,7,6
30,5,17,7,8,2
30,6,1,9,3,8
30,7,4,9,2,10
30,8,5,3,11,10
30,9,4,12,6,11
30,10,13,5,12,7
30,11,6,8,13,14
30,12,9,14,7,15
30,13,8,16,10,15
30,14,17,16,11,9
31,1,5,4,14,16
31,2,15,5,6,17
31,3,16,6,1,7
31,4,8,17,7,2
31,5,3,9,8,1
31,6,9,4,10,2
31,7,5,11,10,3
31,8,6,12,11,4
31,9,12,7,5,13
31,10,13,8,6,14
31,11,9,14,15,7
31,12,10,16,15,8
31,13,9,17,11,16
31,14,10,1,17,12
32,1,6,17,15,5
32,2,1,7,16,6
32,3,7,17,8,2
32,4,9,1,3,8
32,5,2,9,10,4
32,6,3,5,10,11
32,7,4,6,12,11
32,8,13,7,12,5
32,9,8,6,14,13
32,10,7,14,15,9
32,11,10,8,16,15
32,12,17,11,16,9
32,13,12,17,10,1
32,14,2,11,1,13
33,1,16,1,6,7
33,2,7,2,8,17
33,3,3,8,1,9
33,4,2,10,4,9
33,5,5,3,11,10
33,6,4,11,12,6
33,7,7,13,12,5
33,8,14,6,8,13
33,9,7,15,14,9
33,10,15,16,8,10
33,11,16,11,9,17
33,12,1,12,17,10
33,13,1,13,11,2
33,14,14,12,2,3
34,1,17,7,8,2
34,2,1,8,3,9
34,3,2,9,4,10
34,4,3,10,5,11
34,5,11,12,4,6
34,6,12,5,7,13
34,7,13,6,8,14
34,8,15,14,9,7
34,9,15,16,8,10
34,10,17,16,9,11
34,11,10,12,1,17
34,12,13,1,2,11
34,13,3,12,14,2
34,14,13,3,4,15
35,1,1,4,12,5
35,2,2,13,6,5
35,3,3,6,7,14
35,4,4,7,8,15
35,5,9,5,16,8
35,6,6,10,9,17
35,7,7,11,10,1
35,8,2,11,8,12
35,9,12,9,3,13
35,10,4,10,14,13
35,11,14,5,15,11
35,12,16,12,15,6
35,13,17,13,7,16
35,14,14,8,17,1
36,1,6,5,2,13
36,2,7,6,3,14
36,3,4,15,7,8
36,4,16,9,8,5
36,5,10,6,9,17
36,6,1,11,7,10
36,7,12,8,11,2
36,8,13,9,12,3
36,9,13,10,4,14
36,10,14,15,11,5
36,11,16,6,15,12
36,12,17,7,13,16
36,13,8,14,1,17
36,14,2,15,9,1
37,1,6,3,14,7
37,2,7,8,4,15
37,3,9,5,16,8
37,4,9,10,17,6
37,5,7,11,10,1
37,6,8,11,12,2
37,7,12,13,3,9
37,8,14,10,13,4
37,9,15,14,5,11
37,10,16,15,12,6
37,11,17,13,7,16
37,12,14,8,17,1
37,13,1,9,15,2
37,14,2,10,16,3
38,1,8,7,15,4
38,2,16,8,9,5
38,3,9,10,6,17
38,4,11,1,7,10
38,5,8,12,11,2
38,6,9,13,3,12
38,7,14,13,10,4
38,8,11,15,14,5
38,9,16,15,12,6
38,10,13,17,16,7
38,11,17,8,1,14
38,12,1,9,2,15
38,13,2,3,16,10
38,14,17,3,11,4
39,1,9,16,8,5
39,2,6,17,10,9
39,3,1,11,10,7
39,4,8,11,12,2
39,5,9,13,3,12
39,6,10,13,14,4
39,7,15,11,14,5
39,8,12,15,6,16
39,9,16,7,17,13
39,10,17,1,8,14
39,11,1,15,9,2
39,12,16,10,2,3
39,13,11,17,4,3
39,14,1,5,12,4
40,1,9,6,17,10
40,2,11,1,10,7
40,3,2,12,8,11
40,4,12,13,9,3
40,5,4,10,14,13
40,6,11,14,15,5
40,7,12,15,16,6
40,8,16,17,13,7
40,9,14,1,8,17
40,10,15,2,1,9
40,11,16,2,10,3
40,12,3,17,11,4
40,13,5,12,1,4
40,14,2,6,13,5
41,1,7,10,1,11
41,2,12,2,11,8
41,3,12,13,9,3
41,4,4,13,14,10
41,5,11,14,15,5
41,6,12,16,6,15
41,7,17,7,16,13
41,8,8,17,1,14
41,9,2,9,15,1
41,10,16,3,2,10
41,11,17,11,4,3
41,12,5,4,12,1
41,13,6,13,5,2
41,14,3,6,7,14
42,1,2,12,11,8
42,2,3,13,9,12
42,3,14,4,13,10
42,4,5,11,15,14
42,5,16,15,6,12
42,6,17,13,7,16
42,7,8,14,1,17
42,8,1,2,9,15
42,9,10,2,16,3
42,10,3,11,17,4
42,11,5,1,4,12
42,12,6,13,2,5
42,13,6,7,14,3
42,14,4,7,15,8
43,1,9,3,13,12
43,2,13,14,4,10
43,3,15,14,11,5
43,4,16,15,6,12
43,5,7,16,17,13
43,6,8,17,1,14
43,7,2,15,1,9
43,8,16,3,10,2
43,9,11,17,3,4
43,10,1,4,5,12
43,11,2,6,13,5
43,12,7,3,6,14
43,13,15,7,4,8
43,14,16,9,5,8
44,1,13,10,4,14
44,2,11,15,14,5
44,3,12,6,15,16
44,4,13,16,7,17
44,5,1,8,14,17
44,6,15,1,2,9
44,7,10,2,16,3
44,8,3,4,11,17
44,9,12,4,1,5
44,10,5,2,13,6
44,11,6,3,14,7
44,12,7,4,8,15
44,13,9,5,16,8
44,14,10,17,9,6
45,1,15,11,5,14
45,2,12,6,15,16
45,3,16,7,17,13
45,4,1,8,14,17
45,5,1,2,9,15
45,6,3,16,10,2
45,7,17,3,4,11
45,8,5,12,1,4
45,9,5,2,13,6
45,10,3,14,7,6
45,11,8,15,7,4
45,12,5,16,8,9
45,13,9,6,10,17
45,14,7,1,11,10
46,1,15,6,16,12
46,2,16,7,13,17
46,3,8,1,14,17
46,4,2,15,9,1
46,5,3,2,10,16
46,6,17,11,3,4
46,7,1,5,12,4
46,8,13,5,2,6
46,9,6,14,7,3
46,10,8,4,7,15
46,11,9,8,16,5
46,12,9,17,10,6
46,13,1,11,7,10
46,14,2,12,11,8
47,1,17,13,7,16
47,2,17,1,14,8
47,3,9,2,15,1
47,4,16,3,2,10
47,5,11,4,17,3
47,6,4,12,1,5
47,7,2,13,6,5
47,8,3,14,7,6
47,9,7,15,4,8
47,10,8,16,9,5
47,11,10,9,17,6
47,12,11,7,1,10
47,13,12,2,8,11
47,14,13,9,12,3
48,1,8,17,1,14
48,2,1,15,2,9
48,3,16,2,3,10
48,4,4,17,11,3
48,5,5,4,12,1
48,6,6,2,5,13
48,7,3,7,6,14
48,8,4,8,15,7
48,9,16,9,5,8
48,10,9,6,17,10
48,11,7,10,1,11
48,12,12,2,8,11
48,13,9,13,12,3
48,14,14,10,13,4
49,1,2,15,9,1
49,2,16,2,10,3
49,3,4,17,3,11
49,4,5,1,12,4
49,5,6,5,2,13
49,6,7,14,6,3
49,7,4,7,15,8
49,8,8,16,5,9
49,9,9,6,17,10
49,10,7,11,1,10
49,11,12,8,2,11
49,12,3,9,12,13
49,13,13,10,14,4
49,14,15,14,11,5
50,1,3,2,10,16
50,2,11,4,3,17
50,3,4,1,12,5
50,4,5,6,13,2
50,5,3,14,6,7
50,6,7,15,8,4
50,7,5,8,16,9
50,8,9,17,6,10
50,9,7,11,10,1
50,10,12,11,2,8
50,11,9,12,13,3
50,12,14,13,10,4
50,13,5,15,11,14
50,14,6,12,15,16
51,1,3,11,17,4
51,2,1,5,4,12
51,3,2,5,13,6
51,4,14,7,3,6
51,5,4,7,15,8
51,6,9,8,5,16
51,7,10,17,9,6
51,8,7,11,1,10
51,9,2,8,11,12
51,10,3,12,13,9
51,11,14,4,13,10
51,12,11,14,5,15
51,13,6,12,15,16
51,14,7,16,13,17
52,1,4,1,14,6
52,2,15,5,7,2
52,3,6,8,3,16
52,4,9,7,17,4
52,5,8,5,1,10
52,6,9,11,6,2
52,7,7,12,10,3
52,8,13,8,4,11
52,9,12,14,5,9
52,10,10,15,13,6
52,11,11,7,16,14
52,12,15,17,8,12
52,13,16,1,13,9
52,14,2,17,14,10
53,1,7,5,15,2
53,2,8,6,3,16
53,3,17,4,7,9
53,4,5,1,8,10
53,5,11,6,9,2
53,6,3,12,10,7
53,7,13,4,11,8
53,8,5,14,9,12
53,9,15,10,6,13
53,10,14,16,11,7
53,11,8,17,12,15
53,12,13,16,9,1
53,13,17,14,2,10
53,14,3,11,15,1
54,1,3,16,6,8
54,2,7,4,9,17
54,3,10,8,5,1
54,4,6,11,2,9
54,5,7,10,3,12
54,6,13,11,8,4
54,7,5,14,9,12
54,8,6,13,15,10
54,9,16,14,7,11
54,10,15,8,17,12
54,11,1,13,16,9
54,12,10,14,2,17
54,13,3,15,1,11
54,14,4,16,2,12
55,1,9,17,4,7
55,2,10,8,5,1
55,3,6,9,11,2
55,4,10,12,3,7
55,5,8,4,11,13
55,6,9,5,14,12
55,7,10,6,15,13
55,8,14,16,11,7
55,9,15,12,17,8
55,10,13,1,16,9
55,11,2,17,14,10
55,12,3,1,15,11
55,13,4,12,2,16
55,14,13,5,3,17
56,1,10,1,8,5
56,2,2,6,11,9
56,3,3,7,12,10
56,4,8,4,13,11
56,5,14,12,5,9
56,6,15,10,6,13
56,7,14,16,11,7
56,8,12,8,15,17
56,9,13,1,16,9
56,10,10,2,17,14
56,11,1,11,3,15
56,12,12,4,16,2
56,13,3,13,5,17
56,14,1,14,4,6
57,1,9,6,2,11
57,2,10,7,3,12
57,3,11,8,4,13
57,4,5,14,9,12
57,5,6,15,10,13
57,6,7,11,14,16
57,7,12,17,8,15
57,8,1,9,16,13
57,9,14,17,2,10
57,10,1,3,11,15
57,11,16,2,12,4
57,12,5,17,13,3
57,13,4,6,1,14
57,14,7,5,15,2
58,1,10,3,7,12
58,2,4,13,8,11
58,3,14,9,12,5
58,4,10,6,15,13
58,5,11,14,16,7
58,6,15,17,12,8
58,7,16,1,13,9
58,8,14,2,10,17
58,9,1,15,11,3
58,10,12,4,2,16
58,11,3,5,17,13
58,12,1,6,4,14
58,13,5,7,15,2
58,14,16,3,8,6
59,1,4,13,11,8
59,2,9,12,5,14
59,3,6,13,10,15
59,4,14,16,7,11
59,5,8,12,17,15
59,6,16,1,13,9
59,7,17,2,10,14
59,8,3,11,1,15
59,9,4,12,2,16
59,10,5,17,13,3
59,11,14,4,6,1
59,12,15,2,5,7
59,13,16,8,6,3
59,14,17,9,4,7
60,1,12,5,14,9
60,2,6,10,15,13
60,3,16,7,14,11
60,4,8,17,15,12
60,5,13,16,1,9
60,6,14,2,17,10
60,7,15,11,1,3
60,8,4,16,12,2
60,9,3,5,13,17
60,10,4,1,14,6
60,11,2,7,5,15
60,12,3,16,8,6
60,13,9,7,4,17
60,14,1,8,5,10
61,1,15,13,10,6
61,2,11,7,16,14
61,3,8,12,17,15
61,4,16,13,1,9
61,5,17,10,14,2
61,6,11,1,15,3
61,7,12,16,2,4
61,8,13,3,5,17
61,9,14,6,1,4
61,10,2,15,5,7
61,11,16,3,8,6
61,12,4,9,7,17
61,13,1,5,10,8
61,14,2,9,11,6
62,1,16,7,14,11
62,2,15,8,17,12
62,3,1,9,13,16
62,4,2,17,14,10
62,5,3,11,15,1
62,6,16,4,2,12
62,7,5,3,17,13
62,8,1,6,4,14
62,9,2,15,7,5
62,10,6,16,3,8
62,11,4,9,7,17
62,12,10,1,5,8
62,13,2,11,9,6
62,14,7,10,3,12
63,1,12,8,15,17
63,2,16,13,9,1
63,3,2,17,14,10
63,4,11,3,1,15
63,5,12,4,16,2
63,6,5,3,13,17
63,7,1,6,4,14
63,8,2,7,15,5
63,9,6,3,16,8
63,10,4,9,17,7
63,11,1,5,10,8
63,12,6,2,9,11
63,13,10,7,3,12
63,14,4,8,11,13
64,1,9,16,1,13
64,2,14,17,10,2
64,3,11,15,3,1
64,4,4,16,2,12
64,5,13,3,5,17
64,6,1,14,4,6
64,7,5,15,7,2
64,8,16,3,8,6
64,9,7,17,4,9
64,10,8,10,5,1
64,11,9,11,2,6
64,12,10,7,12,3
64,13,11,8,13,4
64,14,9,12,5,14
65,1,2,10,14,17
65,2,15,11,3,1
65,3,2,16,4,12
65,4,3,5,13,17
65,5,4,14,1,6
65,6,5,2,7,15
65,7,3,6,16,8
65,8,9,4,17,7
65,9,10,1,8,5
65,10,2,9,6,11
65,11,10,7,12,3
65,12,4,11,8,13
65,13,14,12,5,9
65,14,15,13,6,10
66,1,15,1,11,3
66,2,4,2,12,16
66,3,13,5,17,3
66,4,6,4,1,14
66,5,2,5,7,15
66,6,6,16,3,8
66,7,7,9,17,4
66,8,1,8,5,10
66,9,6,9,2,11
66,10,7,12,10,3
66,11,13,4,8,11
66,12,14,9,12,5
66,13,6,10,15,13
66,14,16,14,11,7
67,1,2,12,4,16
67,2,17,13,5,3
67,3,14,6,1,4
67,4,7,5,15,2
67,5,6,16,3,8
67,6,9,17,7,4
67,7,5,1,10,8
67,8,9,11,6,2
67,9,10,7,3,12
67,10,13,4,8,11
67,11,12,14,5,9
67,12,6,15,10,13
67,13,7,14,11,16
67,14,15,12,17,8
68,1,17,13,5,3
68,2,14,6,4,1
68,3,7,15,5,2
68,4,3,16,6,8
68,5,4,17,7,9
68,6,8,10,1,5
68,7,9,11,2,6
68,8,7,10,12,3
68,9,13,8,11,4
68,10,9,12,5,14
68,11,15,10,6,13
68,12,14,16,11,7
68,13,8,17,15,12
68,14,16,1,9,13
69,1,2,7,5,1
69,2,8,2,6,3
69,3,4,9,7,3
69,4,5,10,8,4
69,5,11,5,9,6
69,6,12,10,7,6
69,7,11,8,7,13
69,8,14,12,9,8
69,9,13,9,15,10
69,10,10,16,11,14
69,11,11,17,15,12
69,12,12,1,13,16
69,13,17,2,14,13
69,14,3,14,15,1
70,1,6,2,3,8
70,2,3,9,4,7
70,3,10,8,5,4
70,4,11,9,6,5
70,5,10,6,12,7
70,6,8,7,13,11
70,7,8,9,14,12
70,8,15,13,9,10
70,9,11,14,16,10
70,10,17,12,11,15
70,11,13,16,1,12
70,12,17,2,13,14
70,13,1,15,3,14
70,14,15,2,16,4
71,1,7,4,9,3
71,2,4,10,8,5
71,3,6,5,11,9
71,4,10,6,7,12
71,5,8,13,11,7
71,6,14,8,12,9
71,7,13,9,15,10
71,8,16,14,10,11
71,9,12,17,15,11
71,10,13,12,16,1
71,11,14,17,2,13
71,12,14,3,1,15
71,13,4,2,16,15
71,14,5,3,17,16
72,1,4,5,8,10
72,2,11,9,6,5
72,3,7,12,6,10
72,4,13,7,11,8
72,5,12,9,8,14
72,6,10,15,13,9
72,7,14,10,11,16
72,8,15,11,12,17
72,9,1,16,13,12
72,10,14,13,17,2
72,11,15,14,3,1
72,12,4,16,2,15
72,13,17,5,16,3
72,14,1,4,6,17
73,1,11,9,6,5
73,2,7,10,12,6
73,3,7,11,8,13
73,4,14,12,8,9
73,5,10,13,15,9
73,6,10,16,14,11
73,7,15,11,17,12
73,8,13,12,16,1
73,9,13,14,2,17
73,10,15,1,3,14
73,11,4,16,15,2
73,12,16,5,17,3
73,13,17,1,6,4
73,14,7,2,1,5
74,1,7,6,12,10
74,2,11,7,8,13
74,3,14,12,9,8
74,4,10,15,13,9
74,5,11,14,10,16
74,6,15,12,17,11
74,7,12,13,16,1
74,8,2,17,14,13
74,9,1,14,15,3
74,10,16,2,4,15
74,11,5,16,17,3
74,12,1,6,4,17
74,13,5,7,1,2
74,14,2,8,3,6
75,1,7,13,8,11
75,2,14,9,12,8
75,3,9,13,10,15
75,4,14,11,10,16
75,5,15,11,12,17
75,6,1,16,13,12
75,7,2,17,13,14
75,8,1,3,14,15
75,9,2,15,16,4
75,10,17,3,5,16
75,11,17,4,6,1
75,12,7,2,1,5
75,13,2,6,3,8
75,14,3,9,7,4
76,1,12,9,14,8
76,2,9,15,10,13
76,3,10,16,11,14
76,4,17,15,12,11
76,5,1,16,13,12
76,6,2,17,13,14
76,7,3,15,1,14
76,8,2,16,4,15
76,9,5,3,17,16
76,10,1,4,17,6
76,11,2,5,1,7
76,12,6,2,8,3
76,13,4,9,3,7
76,14,8,5,4,10
77,1,15,13,9,10
77,2,14,11,10,16
77,3,17,15,12,11
77,4,16,12,13,1
77,5,14,17,2,13
77,6,14,15,3,1
77,7,2,16,4,15
77,8,16,17,5,3
77,9,1,6,4,17
77,10,2,1,5,7
77,11,2,3,8,6
77,12,9,3,4,7
77,13,5,4,10,8
77,14,11,6,5,9
78,1,11,16,10,14
78,2,15,17,12,11
78,3,13,16,1,12
78,4,14,2,17,13
78,5,15,14,3,1
78,6,2,4,16,15
78,7,3,5,17,16
78,8,1,4,6,17
78,9,5,2,7,1
78,10,8,3,6,2
78,11,9,7,3,4
78,12,5,8,4,10
78,13,5,6,9,11
78,14,10,7,12,6
79,1,17,15,12,11
79,2,1,12,16,13
79,3,13,17,14,2
79,4,3,14,15,1
79,5,15,16,4,2
79,6,16,5,3,17
79,7,1,17,6,4
79,8,1,7,5,2
79,9,6,3,8,2
79,10,4,7,3,9
79,11,5,10,8,4
79,12,11,5,6,9
79,13,7,12,6,10
79,14,13,8,11,7
80,1,16,13,1,12
80,2,14,13,2,17
80,3,15,1,14,3
80,4,2,16,15,4
80,5,5,3,16,17
80,6,6,17,4,1
80,7,1,7,5,2
80,8,6,8,2,3
80,9,7,9,3,4
80,10,8,5,4,10
80,11,5,6,9,11
80,12,7,6,10,12
80,13,7,13,8,11
80,14,9,8,12,14
81,1,13,14,17,2
81,2,14,3,15,1
81,3,4,15,2,16
81,4,3,17,16,5
81,5,17,1,4,6
81,6,5,1,7,2
81,7,3,6,2,8
81,8,4,9,3,7
81,9,5,4,8,10
81,10,9,6,5,11
81,11,12,10,6,7
81,12,7,11,8,13
81,13,14,12,8,9
81,14,10,9,13,15
82,1,1,14,15,3
82,2,2,16,4,15
82,3,17,16,3,5
82,4,6,4,17,1
82,5,5,1,7,2
82,6,2,6,8,3
82,7,9,7,4,3
82,8,8,5,4,10
82,9,6,11,5,9
82,10,6,12,7,10
82,11,7,11,13,8
82,12,14,8,12,9
82,13,10,15,13,9
82,14,16,11,10,14
83,1,16,15,2,4
83,2,17,5,3,16
83,3,1,4,17,6
83,4,7,2,5,1
83,5,6,2,3,8
83,6,4,3,9,7
83,7,4,10,5,8
83,8,9,6,5,11
83,9,10,7,12,6
83,10,8,11,13,7
83,11,12,9,14,8
83,12,13,10,9,15
83,13,11,14,10,16
83,14,17,12,15,11
84,1,5,17,16,3
84,2,6,1,4,17
84,3,2,5,7,1
84,4,8,2,3,6
84,5,7,3,4,9
84,6,10,8,4,5
84,7,6,11,9,5
84,8,10,12,6,7
84,9,7,8,11,13
84,10,14,12,9,8
84,11,13,10,9,15
84,12,11,10,14,16
84,13,17,15,11,12
84,14,16,12,13,1
85,1,6,1,17,4
85,2,2,5,7,1
85,3,2,6,3,8
85,4,3,7,9,4
85,5,4,10,8,5
85,6,11,9,5,6
85,7,7,6,10,12
85,8,8,7,11,13
85,9,9,12,8,14
85,10,15,9,13,10
85,11,11,10,14,16
85,12,15,11,17,12
85,13,1,16,12,13
85,14,17,13,14,2
86,1,8,9,1,3
86,2,10,4,9,2
86,3,5,11,3,10
86,4,4,11,6,12
86,5,13,12,7,5
86,6,13,8,14,6
86,7,7,14,9,15
86,8,8,15,16,10
86,9,17,9,16,11
86,10,12,17,1,10
86,11,1,13,11,2
86,12,14,12,2,3
86,13,3,15,4,13
86,14,16,4,5,14
87,1,2,10,4,9
87,2,10,5,3,11
87,3,4,11,6,12
87,4,13,12,7,5
87,5,6,14,8,13
87,6,9,15,14,7
87,7,8,16,15,10
87,8,9,17,11,16
87,9,1,12,17,10
87,10,2,13,1,11
87,11,3,14,2,12
87,12,4,13,15,3
87,13,16,14,5,4
87,14,5,15,6,17
88,1,3,10,11,5
88,2,11,12,6,4
88,3,5,7,13,12
88,4,8,13,6,14
88,5,9,15,14,7
88,6,10,8,16,15
88,7,16,17,11,9
88,8,1,10,12,17
88,9,13,1,2,11
88,10,14,12,2,3
88,11,3,13,15,4
88,12,14,4,5,16
88,13,5,6,17,15
88,14,7,6,16,1
89,1,12,4,11,6
89,2,13,7,5,12
89,3,8,6,14,13
89,4,15,7,9,14
89,5,15,10,8,16
89,6,11,9,17,16
89,7,17,1,10,12
89,8,1,2,13,11
89,9,14,3,2,12
89,10,15,13,4,3
89,11,16,5,14,4
89,12,5,17,15,6
89,13,1,16,6,7
89,14,2,7,17,8
90,1,5,7,12,13
90,2,14,8,13,6
90,3,7,14,9,15
90,4,8,15,16,10
90,5,11,16,9,17
90,6,12,17,10,1
90,7,2,11,1,13
90,8,14,3,12,2
90,9,13,15,4,3
90,10,14,4,5,16
90,11,15,6,17,5
90,12,6,7,16,1
90,13,2,8,17,7
90,14,1,3,8,9
91,1,6,8,13,14
91,2,9,15,7,14
91,3,10,15,8,16
91,4,9,17,11,16
91,5,10,12,1,17
91,6,1,13,2,11
91,7,3,2,12,14
91,8,3,13,4,15
91,9,14,16,4,5
91,10,5,17,6,15
91,11,7,16,1,6
91,12,7,8,2,17
91,13,1,9,8,3
91,14,9,10,2,4
92,1,14,15,7,9
92,2,15,8,16,10
92,3,9,17,11,16
92,4,17,12,10,1
92,5,11,1,2,13
92,6,3,14,12,2
92,7,13,4,15,3
92,8,5,4,14,16
92,9,17,15,5,6
92,10,16,1,7,6
92,11,7,17,2,8
92,12,3,9,1,8
92,13,10,4,2,9
92,14,10,11,3,5
93,1,10,8,16,15
93,2,16,11,9,17
93,3,12,10,17,1
93,4,11,2,13,1
93,5,14,2,12,3
93,6,4,3,15,13
93,7,4,14,5,16
93,8,15,6,17,5
93,9,1,16,6,7
93,10,8,7,2,17
93,11,3,1,9,8
93,12,4,9,10,2
93,13,3,5,10,11
93,14,12,11,6,4
94,1,16,11,17,9
94,2,17,1,10,12
94,3,11,1,2,13
94,4,12,3,14,2
94,5,3,4,13,15
94,6,4,14,16,5
94,7,5,6,17,15
94,8,6,16,1,7
94,9,7,17,8,2
94,10,1,8,3,9
94,11,4,2,10,9
94,12,11,5,3,10
94,13,4,11,6,12
94,14,5,13,12,7
95,1,10,1,17,12
95,2,11,13,1,2
95,3,14,2,3,12
95,4,13,3,4,15
95,5,4,14,16,5
95,6,6,15,5,17
95,7,6,1,16,7
95,8,17,8,7,2
95,9,8,9,1,3
95,10,9,10,4,2
95,11,11,5,10,3
95,12,11,12,4,6
95,13,5,12,7,13
95,14,14,13,8,6
96,1,1,2,13,11
96,2,2,12,14,3
96,3,13,3,15,4
96,4,5,14,4,16
96,5,6,15,5,17
96,6,1,7,6,16
96,7,8,17,2,7
96,8,8,3,9,1
96,9,9,10,4,2
96,10,11,5,10,3
96,11,12,4,6,11
96,12,13,5,12,7
96,13,6,8,14,13
96,14,14,9,7,15
97,1,12,2,14,3
97,2,15,13,3,4
97,3,5,4,16,14
97,4,17,6,5,15
97,5,6,1,16,7
97,6,8,7,2,17
97,7,1,3,8,9
97,8,4,2,10,9
97,9,10,3,11,5
97,10,12,4,6,11
97,11,12,5,7,13
97,12,14,8,6,13
97,13,7,9,15,14
97,14,15,10,8,16
98,1,15,4,13,3
98,2,16,4,14,5
98,3,15,5,17,6
98,4,1,16,7,6
98,5,8,2,17,7
98,6,9,8,1,3
98,7,9,4,10,2
98,8,3,5,10,11
98,9,6,12,11,4
98,10,7,12,13,5
98,11,6,8,13,14
98,12,15,7,14,9
98,13,15,8,16,10
98,14,11,17,16,9
99,1,4,16,5,14
99,2,6,17,5,15
99,3,1,7,16,6
99,4,8,2,17,7
99,5,9,8,3,1
99,6,10,2,9,4
99,7,3,11,5,10
99,8,12,11,6,4
99,9,12,5,7,13
99,10,13,8,6,14
99,11,7,15,14,9
99,12,15,10,8,16
99,13,16,9,11,17
99,14,1,10,12,17
100,1,5,17,6,15
100,2,1,7,6,16
100,3,8,17,2,7
100,4,1,8,3,9
100,5,4,2,9,10
100,6,10,11,5,3
100,7,6,12,11,4
100,8,7,5,13,12
100,9,8,6,13,14
100,10,15,14,9,7
100,11,10,16,8,15
100,12,16,9,17,11
100,13,12,10,17,1
100,14,1,13,2,11
101,1,7,16,6,1
101,2,8,17,2,7
101,3,1,8,3,9
101,4,9,2,4,10
101,5,5,3,11,10
101,6,6,12,4,11
101,7,7,12,5,13
101,8,13,6,8,14
101,9,7,15,14,9
101,10,10,15,16,8
101,11,17,16,9,11
101,12,10,17,1,12
101,13,2,11,1,13
101,14,2,3,12,14
102,1,8,7,2,17
102,2,1,3,9,8
102,3,10,2,4,9
102,4,5,10,11,3
102,5,6,12,11,4
102,6,5,12,7,13
102,7,8,6,14,13
102,8,7,14,9,15
102,9,10,16,15,8
102,10,9,17,11,16
102,11,17,10,12,1
102,12,11,2,13,1
102,13,14,12,3,2
102,14,13,3,4,15
103,1,12,1,5,4
103,2,5,6,2,13
103,3,14,6,7,3
103,4,8,4,7,15
103,5,9,8,5,16
103,6,17,6,9,10
103,7,1,10,7,11
103,8,2,12,8,11
103,9,9,3,13,12
103,10,13,4,14,10
103,11,5,14,11,15
103,12,15,12,16,6
103,13,7,16,13,17
103,14,8,17,1,14
104,1,13,6,2,5
104,2,14,3,7,6
104,3,4,7,8,15
104,4,8,9,16,5
104,5,17,10,9,6
104,6,11,10,1,7
104,7,2,11,8,12
104,8,3,9,12,13
104,9,13,14,10,4
104,10,14,11,5,15
104,11,12,6,15,16
104,12,16,17,7,13
104,13,17,14,8,1
104,14,15,1,2,9
105,1,14,3,7,6
105,2,15,8,4,7
105,3,5,9,8,16
105,4,9,17,10,6
105,5,1,10,11,7
105,6,8,2,11,12
105,7,3,13,12,9
105,8,14,13,4,10
105,9,14,5,15,11
105,10,16,12,6,15
105,11,13,17,16,7
105,12,14,17,8,1
105,13,9,2,1,15
105,14,10,2,16,3
106,1,15,4,7,8
106,2,5,8,9,16
106,3,17,9,10,6
106,4,10,11,1,7
106,5,8,2,12,11
106,6,3,13,12,9
106,7,4,10,14,13
106,8,14,15,11,5
106,9,16,15,12,6
106,10,17,7,16,13
106,11,17,1,8,14
106,12,2,9,15,1
106,13,3,16,10,2
106,14,4,11,3,17
107,1,16,9,8,5
107,2,6,10,9,17
107,3,1,10,7,11
107,4,12,11,2,8
107,5,13,12,9,3
107,6,14,10,4,13
107,7,14,5,11,15
107,8,6,16,15,12
107,9,17,13,16,7
107,10,14,1,17,8
107,11,9,1,15,2
107,12,2,3,16,10
107,13,3,17,11,4
107,14,12,1,5,4
108,1,6,9,17,10
108,2,11,1,7,10
108,3,8,12,2,11
108,4,3,13,12,9
108,5,14,4,13,10
108,6,15,5,14,11
108,7,15,16,12,6
108,8,13,17,7,16
108,9,17,1,14,8
108,10,2,15,9,1
108,11,3,2,10,16
108,12,4,17,3,11
108,13,4,1,5,12
108,14,5,13,2,6
109,1,11,7,1,10
109,2,2,12,11,8
109,3,3,12,13,9
109,4,14,10,4,13
109,5,5,15,11,14
109,6,12,16,6,15
109,7,17,13,16,7
109,8,14,17,1,8
109,9,15,2,9,1
109,10,3,2,10,16
109,11,17,4,3,11
109,12,1,4,5,12
109,13,6,2,13,5
109,14,3,6,7,14
110,1,11,12,8,2
110,2,13,12,9,3
110,3,14,10,13,4
110,4,15,11,14,5
110,5,16,6,12,15
110,6,7,17,13,16
110,7,1,8,14,17
110,8,15,1,9,2
110,9,2,10,16,3
110,10,3,4,17,11
110,11,1,12,5,4
110,12,6,2,5,13
110,13,6,7,14,3
110,14,15,7,4,8
111,1,12,9,3,13
111,2,14,4,13,10
111,3,15,5,11,14
111,4,12,16,15,6
111,5,7,17,13,16
111,6,14,17,1,8
111,7,15,1,2,9
111,8,2,3,10,16
111,9,4,11,17,3
111,10,12,5,1,4
111,11,13,6,5,2
111,12,14,6,3,7
111,13,15,4,7,8
111,14,8,5,16,9
112,1,14,10,4,13
112,2,15,14,5,11
112,3,6,12,15,16
112,4,13,17,16,7
112,5,17,1,14,8
112,6,9,2,1,15
112,7,16,3,2,10
112,8,4,3,11,17
112,9,1,5,4,12
112,10,13,5,2,6
112,11,3,6,7,14
112,12,4,7,15,8
112,13,16,5,8,9
112,14,17,9,6,10
113,1,5,15,14,11
113,2,12,6,16,15
113,3,16,13,7,17
113,4,14,17,1,8
113,5,9,1,2,15
113,6,16,10,3,2
113,7,17,4,3,11
113,8,12,4,5,1
113,9,6,13,5,2
113,10,14,7,3,6
113,11,7,8,4,15
113,12,16,8,9,5
113,13,6,9,10,17
113,14,11,10,1,7
114,1,12,16,15,6
114,2,17,16,13,7
114,3,17,8,14,1
114,4,2,9,1,15
114,5,2,3,10,16
114,6,11,4,3,17
114,7,5,12,1,4
114,8,6,5,2,13
114,9,3,6,14,7
114,10,8,15,7,4
114,11,16,5,8,9
114,12,17,6,10,9
114,13,11,10,7,1
114,14,12,2,11,8
115,1,7,16,13,17
115,2,1,14,8,17
115,3,9,1,15,2
115,4,16,3,2,10
115,5,11,4,17,3
115,6,12,5,4,1
115,7,2,13,6,5
115,8,6,3,7,14
115,9,4,15,8,7
115,10,8,16,9,5
115,11,17,10,9,6
115,12,7,11,1,10
115,13,11,2,12,8
115,14,13,12,3,9
116,1,8,1,14,17
116,2,15,2,9,1
116,3,10,3,16,2
116,4,4,3,11,17
116,5,4,5,12,1
116,6,2,6,13,5
116,7,6,7,14,3
116,8,7,15,4,8
116,9,16,8,9,5
116,10,9,10,17,6
116,11,1,11,10,7
116,12,2,8,12,11
116,13,9,12,3,13
116,14,4,13,10,14
117,1,2,1,9,15
117,2,2,16,10,3
117,3,3,11,4,17
117,4,5,12,1,4
117,5,6,5,2,13
117,6,6,7,3,14
117,7,8,15,7,4
117,8,5,9,16,8
117,9,17,6,10,9
117,10,11,10,1,7
117,11,2,12,8,11
117,12,12,9,13,3
117,13,13,10,14,4
117,14,15,14,5,11
118,1,16,2,10,3
118,2,11,4,3,17
118,3,4,5,12,1
118,4,13,2,6,5
118,5,14,3,6,7
118,6,7,15,4,8
118,7,5,8,9,16
118,8,17,9,6,10
118,9,7,10,1,11
118,10,2,8,11,12
118,11,13,3,9,12
118,12,13,10,4,14
118,13,5,15,11,14
118,14,15,12,16,6
119,1,3,17,4,11
119,2,4,12,5,1
119,3,13,5,6,2
119,4,7,6,3,14
119,5,15,7,4,8
119,6,16,5,8,9
119,7,9,10,17,6
119,8,11,7,1,10
119,9,11,2,8,12
119,10,9,12,13,3
119,11,13,14,4,10
119,12,15,5,14,11
119,13,12,15,16,6
119,14,16,7,13,17
120,1,14,1,4,6
120,2,15,5,2,7
120,3,6,8,3,16
120,4,4,7,17,9
120,5,8,5,10,1
120,6,11,2,6,9
120,7,7,12,10,3
120,8,11,13,8,4
120,9,9,5,14,12
120,10,10,6,13,15
120,11,11,7,14,16
120,12,12,8,15,17
120,13,9,1,13,16
120,14,2,14,17,10
121,1,7,5,2,15
121,2,3,8,6,16
121,3,4,9,7,17
121,4,8,10,1,5
121,5,2,6,9,11
121,6,3,7,12,10
121,7,4,8,13,11
121,8,5,9,14,12
121,9,6,13,10,15
121,10,14,11,7,16
121,11,17,12,8,15
121,12,16,9,13,1
121,13,17,2,14,10
121,14,3,1,15,11
122,1,16,3,8,6
122,2,7,4,17,9
122,3,5,8,10,1
122,4,9,2,11,6
122,5,3,12,10,7
122,6,13,11,8,4
122,7,12,9,5,14
122,8,10,6,15,13
122,9,14,16,7,11
122,10,15,17,8,12
122,11,1,16,13,9
122,12,14,2,17,10
122,13,3,11,1,15
122,14,2,12,16,4
123,1,17,7,9,4
123,2,1,10,5,8
123,3,6,9,11,2
123,4,3,10,12,7
123,5,8,4,13,11
123,6,9,12,14,5
123,7,10,13,15,6
123,8,16,11,14,7
123,9,8,12,17,15
123,10,9,1,16,13
123,11,10,2,14,17
123,12,3,15,1,11
123,13,2,16,4,12
123,14,13,3,17,5
124,1,5,1,10,8
124,2,6,9,2,11
124,3,10,7,12,3
124,4,13,4,11,8
124,5,14,9,5,12
124,6,10,15,6,13
124,7,11,16,7,14
124,8,17,15,12,8
124,9,16,9,13,1
124,10,10,17,2,14
124,11,15,1,11,3
124,12,2,16,4,12
124,13,13,5,3,17
124,14,14,6,1,4
125,1,2,6,11,9
125,2,10,7,3,12
125,3,13,8,11,4
125,4,12,5,9,14
125,5,10,15,6,13
125,6,14,11,16,7
125,7,15,8,17,12
125,8,9,16,13,1
125,9,10,14,2,17
125,10,1,15,11,3
125,11,4,12,16,2
125,12,13,17,3,5
125,13,1,6,4,14
125,14,15,5,7,2
126,1,10,7,3,12
126,2,11,13,4,8
126,3,14,12,9,5
126,4,10,6,13,15
126,5,7,11,16,14
126,6,8,17,12,15
126,7,16,1,13,9
126,8,17,10,14,2
126,9,11,3,15,1
126,10,16,2,12,4
126,11,3,17,5,13
126,12,4,14,6,1
126,13,7,2,5,15
126,14,6,3,8,16
127,1,13,8,4,11
127,2,5,14,9,12
127,3,15,13,6,10
127,4,16,14,11,7
127,5,8,12,17,15
127,6,1,9,13,16
127,7,14,17,2,10
127,8,11,1,3,15
127,9,2,16,4,12
127,10,17,3,5,13
127,11,14,4,6,1
127,12,15,2,7,5
127,13,8,3,6,16
127,14,17,9,4,7
128,1,5,14,12,9
128,2,6,15,10,13
128,3,7,11,16,14
128,4,12,8,17,15
128,5,16,13,1,9
128,6,14,10,17,2
128,7,3,1,15,11
128,8,12,16,2,4
128,9,3,5,13,17
128,10,14,6,1,4
128,11,15,5,2,7
128,12,8,6,3,16
128,13,7,9,4,17
128,14,5,1,10,8
129,1,6,10,15,13
129,2,14,16,7,11
129,3,12,15,17,8
129,4,1,13,9,16
129,5,2,10,14,17
129,6,15,11,1,3
129,7,16,12,2,4
129,8,17,5,3,13
129,9,6,14,1,4
129,10,7,5,2,15
129,11,8,6,3,16
129,12,7,17,4,9
129,13,10,1,5,8
129,14,2,9,11,6
130,1,16,14,7,11
130,2,15,17,12,8
130,3,9,13,1,16
130,4,14,17,2,10
130,5,1,3,11,15
130,6,4,2,12,16
130,7,5,3,17,13
130,8,1,4,14,6
130,9,15,2,7,5
130,10,8,3,6,16
130,11,4,7,17,9
130,12,1,5,8,10
130,13,2,6,9,11
130,14,3,10,7,12
131,1,17,12,8,15
131,2,9,13,1,16
131,3,17,10,14,2
131,4,11,15,1,3
131,5,12,4,16,2
131,6,13,3,5,17
131,7,6,4,14,1
131,8,5,15,2,7
131,9,3,6,8,16
131,10,7,4,17,9
131,11,8,5,10,1
131,12,2,11,9,6
131,13,10,3,7,12
131,14,8,11,4,13
132,1,1,13,9,16
132,2,14,2,17,10
132,3,11,1,3,15
132,4,12,2,16,4
132,5,3,5,13,17
132,6,1,14,6,4
132,7,7,2,15,5
132,8,16,6,8,3
132,9,7,9,17,4
132,10,8,1,10,5
132,11,6,11,9,2
132,12,10,3,12,7
132,13,13,4,11,8
132,14,12,9,5,14
133,1,2,17,10,14
133,2,11,3,15,1
133,3,16,4,2,12
133,4,5,3,17,13
133,5,14,1,4,6
133,6,7,2,5,15
133,7,16,8,6,3
133,8,4,9,17,7
133,9,5,8,10,1
133,10,2,11,9,6
133,11,10,7,3,12
133,12,8,4,13,11
133,13,9,14,12,5
133,14,6,10,13,15
134,1,11,1,15,3
134,2,4,16,12,2
134,3,3,5,13,17
134,4,1,4,6,14
134,5,15,7,2,5
134,6,8,3,6,16
134,7,17,4,9,7
134,8,10,8,1,5
134,9,9,2,11,6
134,10,12,7,10,3
134,11,13,4,8,11
134,12,5,9,12,14
134,13,6,10,15,13
134,14,7,16,11,14
135,1,2,16,12,4
135,2,17,5,13,3
135,3,14,1,4,6
135,4,5,15,7,2
135,5,8,6,16,3
135,6,9,17,4,7
135,7,1,5,8,10
135,8,2,6,11,9
135,9,12,10,7,3
135,10,8,13,11,4
135,11,14,9,12,5
135,12,15,13,10,6
135,13,7,16,11,14
135,14,17,15,12,8
136,1,3,5,13,17
136,2,1,4,6,14
136,3,7,2,5,15
136,4,6,8,3,16
136,5,17,9,4,7
136,6,5,10,8,1
136,7,6,11,9,2
136,8,3,10,7,12
136,9,4,13,11,8
136,10,12,5,9,14
136,11,13,15,10,6
136,12,11,14,16,7
136,13,15,17,8,12
136,14,16,9,1,13
137,1,2,1,7,5
137,2,3,8,6,2
137,3,9,3,7,4
137,4,4,10,8,5
137,5,6,11,9,5
137,6,6,7,12,10
137,7,11,7,8,13
137,8,8,9,12,14
137,9,9,13,15,10
137,10,14,10,16,11
137,11,11,17,15,12
137,12,12,16,13,1
137,13,13,14,2,17
137,14,14,3,15,1
138,1,8,3,2,6
138,2,4,9,3,7
138,3,5,10,4,8
138,4,5,9,6,11
138,5,7,10,12,6
138,6,13,11,8,7
138,7,9,8,14,12
138,8,13,10,15,9
138,9,16,14,11,10
138,10,15,12,17,11
138,11,1,16,13,12
138,12,13,14,17,2
138,13,15,14,3,1
138,14,16,15,4,2
139,1,3,4,9,7
139,2,10,8,5,4
139,3,6,9,5,11
139,4,10,12,7,6
139,5,7,8,11,13
139,6,8,12,14,9
139,7,15,9,10,13
139,8,10,14,11,16
139,9,12,15,17,11
139,10,1,13,12,16
139,11,14,13,2,17
139,12,3,14,1,15
139,13,4,15,2,16
139,14,16,5,3,17
140,1,4,5,10,8
140,2,11,9,5,6
140,3,6,7,12,10
140,4,7,11,13,8
140,5,9,14,12,8
140,6,10,13,15,9
140,7,10,16,11,14
140,8,11,17,15,12
140,9,13,1,16,12
140,10,17,13,2,14
140,11,14,15,3,1
140,12,4,2,16,15
140,13,5,16,17,3
140,14,17,6,4,1
141,1,6,5,11,9
141,2,7,10,6,12
141,3,8,11,13,7
141,4,14,8,12,9
141,5,13,9,15,10
141,6,10,14,16,11
141,7,17,12,11,15
141,8,1,16,13,12
141,9,13,14,2,17
141,10,1,15,3,14
141,11,15,16,2,4
141,12,3,5,16,17
141,13,4,1,6,17
141,14,2,1,7,5
142,1,7,12,6,10
142,2,8,7,11,13
142,3,8,14,9,12
142,4,10,15,13,9
142,5,11,16,10,14
142,6,15,12,17,11
142,7,13,1,12,16
142,8,13,17,14,2
142,9,3,15,1,14
142,10,4,2,15,16
142,11,5,3,16,17
142,12,6,4,1,17
142,13,7,5,2,1
142,14,3,2,8,6
143,1,7,8,13,11
143,2,8,12,14,9
143,3,10,13,9,15
143,4,10,14,11,16
143,5,12,11,15,17
143,6,13,16,1,12
143,7,17,2,13,14
143,8,14,3,1,15
143,9,2,4,15,16
143,10,17,16,3,5
143,11,4,6,17,1
143,12,2,7,1,5
143,13,6,2,3,8
143,14,9,7,3,4
144,1,8,12,14,9
144,2,9,15,13,10
144,3,16,14,11,10
144,4,17,12,15,11
144,5,13,16,1,12
144,6,17,14,2,13
144,7,3,15,1,14
144,8,4,15,2,16
144,9,16,5,3,17
144,10,17,4,1,6
144,11,5,7,1,2
144,12,8,2,6,3
144,13,9,4,7,3
144,14,5,10,4,8
145,1,13,15,9,10
145,2,10,11,14,16
145,3,12,11,15,17
145,4,12,13,1,16
145,5,2,17,14,13
145,6,15,1,14,3
145,7,15,4,2,16
145,8,16,17,3,5
145,9,1,4,6,17
145,10,7,2,1,5
145,11,2,3,6,8
145,12,4,9,3,7
145,13,10,5,4,8
145,14,9,11,5,6
146,1,14,11,10,16
146,2,17,15,11,12
146,3,16,1,13,12
146,4,17,2,13,14
146,5,14,1,3,15
146,6,4,16,15,2
146,7,17,16,3,5
146,8,4,1,6,17
146,9,7,2,1,5
146,10,8,3,2,6
146,11,4,9,7,3
146,12,5,8,10,4
146,13,11,6,9,5
146,14,7,6,10,12
147,1,15,12,17,11
147,2,1,16,12,13
147,3,14,17,13,2
147,4,1,3,14,15
147,5,15,2,4,16
147,6,5,3,16,17
147,7,4,6,1,17
147,8,2,1,5,7
147,9,6,8,3,2
147,10,3,9,4,7
147,11,4,10,8,5
147,12,5,6,11,9
147,13,6,7,12,10
147,14,11,7,8,13
148,1,16,12,1,13
148,2,14,13,17,2
148,3,14,15,1,3
148,4,2,15,16,4
148,5,5,3,16,17
148,6,17,1,4,6
148,7,5,2,7,1
148,8,3,2,8,6
148,9,9,4,3,7
148,10,5,10,4,8
148,11,5,6,11,9
148,12,12,10,7,6
148,13,13,7,8,11
148,14,8,9,14,12
149,1,13,2,17,14
149,2,1,15,3,14
149,3,16,2,4,15
149,4,16,5,17,3
149,5,4,17,1,6
149,6,2,7,5,1
149,7,6,2,3,8
149,8,9,4,7,3
149,9,5,4,10,8
149,10,11,5,6,9
149,11,10,7,6,12
149,12,7,13,8,11
149,13,12,14,8,9
149,14,9,15,10,13
150,1,14,3,1,15
150,2,4,2,15,16
150,3,17,5,3,16
150,4,4,1,17,6
150,5,2,7,5,1
150,6,8,2,3,6
150,7,3,9,4,7
150,8,8,10,5,4
150,9,5,9,6,11
150,10,12,7,6,10
150,11,8,7,13,11
150,12,8,12,14,9
150,13,13,9,15,10
150,14,11,10,14,16
151,1,16,4,2,15
151,2,3,17,5,16
151,3,1,4,6,17
151,4,7,1,2,5
151,5,8,2,3,6
151,6,7,3,9,4
151,7,4,8,5,10
151,8,6,11,9,5
151,9,10,7,12,6
151,10,13,8,7,11
151,11,14,9,8,12
151,12,10,13,15,9
151,13,11,14,16,10
151,14,12,17,15,11
152,1,17,3,5,16
152,2,1,6,4,17
152,3,1,7,5,2
152,4,2,8,3,6
152,5,9,4,7,3
152,6,5,8,4,10
152,7,6,9,5,11
152,8,6,10,12,7
152,9,8,13,7,11
152,10,8,14,12,9
152,11,15,13,10,9
152,12,10,14,11,16
152,13,12,15,17,11
152,14,16,1,12,13
153,1,17,6,4,1
153,2,2,5,7,1
153,3,2,6,8,3
153,4,4,3,7,9
153,5,4,8,10,5
153,6,6,5,9,11
153,7,6,12,10,7
153,8,8,7,13,11
153,9,9,14,12,8
153,10,10,15,9,13
153,11,11,16,14,10
153,12,17,12,15,11
153,13,13,1,16,12
153,14,17,14,13,2
154,1,8,3,9,1
154,2,4,10,9,2
154,3,10,3,5,11
154,4,4,11,12,6
154,5,7,12,13,5
154,6,8,13,14,6
154,7,15,14,7,9
154,8,8,10,15,16
154,9,9,17,11,16
154,10,1,10,12,17
154,11,1,2,11,13
154,12,12,14,2,3
154,13,13,4,15,3
154,14,14,4,5,16
155,1,9,2,4,10
155,2,11,3,5,10
155,3,4,11,6,12
155,4,12,13,7,5
155,5,8,13,6,14
155,6,14,9,7,15
155,7,10,16,8,15
155,8,16,9,11,17
155,9,17,12,1,10
155,10,2,1,13,11
155,11,14,2,12,3
155,12,4,13,3,15
155,13,16,5,4,14
155,14,5,17,6,15
156,1,11,10,5,3
156,2,4,6,12,11
156,3,5,13,7,12
156,4,8,13,14,6
156,5,9,7,14,15
156,6,8,15,16,10
156,7,17,11,9,16
156,8,17,10,12,1
156,9,13,1,2,11
156,10,3,14,2,12
156,11,15,3,13,4
156,12,16,4,5,14
156,13,15,6,17,5
156,14,1,7,16,6
157,1,6,4,11,12
157,2,5,12,13,7
157,3,6,14,13,8
157,4,9,7,14,15
157,5,10,16,15,8
157,6,16,17,11,9
157,7,10,12,17,1
157,8,13,1,2,11
157,9,3,12,14,2
157,10,4,15,3,13
157,11,5,16,14,4
157,12,5,6,15,17
157,13,6,16,7,1
157,14,8,2,7,17
158,1,12,5,7,13
158,2,13,8,14,6
158,3,14,15,9,7
158,4,10,15,16,8
158,5,11,17,9,16
158,6,1,10,17,12
158,7,13,1,11,2
158,8,2,12,14,3
158,9,13,3,4,15
158,10,16,14,5,4
158,11,5,6,15,17
158,12,16,1,6,7
158,13,17,2,7,8
158,14,3,8,9,1
159,1,14,8,13,6
159,2,9,7,14,15
159,3,16,15,8,10
159,4,9,11,16,17
159,5,1,17,12,10
159,6,2,11,13,1
159,7,2,14,12,3
159,8,13,4,3,15
159,9,14,5,16,4
159,10,17,5,15,6
159,11,16,6,7,1
159,12,7,2,8,17
159,13,1,8,9,3
159,14,2,9,4,10
160,1,14,15,9,7
160,2,16,10,8,15
160,3,16,11,9,17
160,4,10,12,1,17
160,5,13,1,2,11
160,6,14,3,12,2
160,7,4,15,3,13
160,8,16,14,4,5
160,9,17,15,5,6
160,10,16,6,7,1
160,11,8,17,7,2
160,12,1,9,8,3
160,13,10,4,2,9
160,14,3,11,10,5
161,1,15,16,8,10
161,2,11,17,9,16
161,3,1,10,12,17
161,4,13,11,2,1
161,5,3,14,12,2
161,6,3,13,4,15
161,7,16,14,5,4
161,8,17,15,6,5
161,9,16,1,7,6
161,10,7,17,8,2
161,11,3,9,1,8
161,12,10,2,9,4
161,13,10,3,5,11
161,14,6,4,11,12
162,1,17,16,11,9
162,2,12,1,10,17
162,3,13,1,11,2
162,4,12,3,14,2
162,5,15,3,13,4
162,6,4,5,16,14
162,7,15,6,5,17
162,8,7,6,1,16
162,9,8,17,2,7
162,10,9,8,3,1
162,11,10,9,4,2
162,12,3,10,5,11
162,13,11,6,4,12
162,14,7,13,12,5
163,1,12,10,1,17
163,2,11,2,1,13
163,3,14,3,12,2
163,4,13,4,3,15
163,5,14,5,16,4
163,6,15,5,17,6
163,7,6,7,1,16
163,8,8,7,2,17
163,9,1,3,8,9
163,10,2,4,10,9
163,11,11,3,5,10
163,12,4,12,11,6
163,13,13,7,12,5
163,14,14,13,8,6
164,1,1,11,13,2
164,2,12,3,2,14
164,3,15,3,4,13
164,4,14,5,16,4
164,5,15,5,6,17
164,6,1,7,6,16
164,7,7,17,8,2
164,8,3,1,9,8
164,9,10,2,4,9
164,10,10,5,11,3
164,11,4,11,6,12
164,12,12,13,5,7
164,13,6,8,13,14
164,14,9,14,7,15
165,1,2,3,12,14
165,2,13,15,3,4
165,3,5,14,16,4
165,4,6,17,15,5
165,5,7,16,1,6
165,6,8,2,7,17
165,7,1,3,8,9
165,8,4,10,9,2
165,9,3,11,10,5
165,10,6,4,12,11
165,11,12,13,5,7
165,12,13,14,8,6
165,13,9,15,7,14
165,14,8,16,15,10
166,1,15,3,4,13
166,2,5,14,16,4
166,3,5,17,6,15
166,4,6,16,1,7
166,5,7,8,17,2
166,6,1,9,3,8
166,7,4,9,10,2
166,8,5,11,10,3
166,9,11,4,6,12
166,10,5,7,13,12
166,11,8,6,13,14
166,12,9,14,15,7
166,13,8,15,16,10
166,14,17,16,11,9
167,1,5,16,4,14
167,2,5,6,15,17
167,3,16,1,6,7
167,4,8,2,17,7
167,5,8,3,9,1
167,6,4,2,9,10
167,7,3,11,5,10
167,8,11,6,4,12
167,9,12,7,5,13
167,10,6,8,14,13
167,11,14,9,15,7
167,12,10,16,15,8
167,13,9,17,16,11
167,14,12,17,10,1
168,1,15,17,5,6
168,2,7,16,6,1
168,3,2,7,8,17
168,4,9,3,8,1
168,5,2,10,9,4
168,6,11,3,5,10
168,7,6,12,11,4
168,8,12,7,13,5
168,9,6,13,14,8
168,10,15,9,7,14
168,11,15,16,10,8
168,12,16,17,11,9
168,13,17,10,1,12
168,14,1,13,2,11
169,1,6,1,7,16
169,2,17,7,2,8
169,3,8,1,9,3
169,4,9,2,10,4
169,5,5,10,3,11
169,6,6,12,4,11
169,7,5,12,13,7
169,8,14,13,6,8
169,9,14,15,7,9
169,10,15,10,8,16
169,11,11,9,17,16
169,12,17,12,1,10
169,13,2,11,1,13
169,14,12,3,14,2
170,1,2,7,8,17
170,2,8,1,9,3
170,3,9,2,10,4
170,4,11,5,10,3
170,5,6,11,12,4
170,6,13,5,7,12
170,7,6,8,13,14
170,8,7,14,15,9
170,9,8,10,15,16
170,10,11,16,9,17
170,11,10,1,12,17
170,12,2,11,13,1
170,13,3,2,14,12
170,14,15,13,4,3
171,1,5,4,12,1
171,2,5,13,2,6
171,3,3,6,14,7
171,4,4,8,7,15
171,5,9,5,16,8
171,6,10,9,17,6
171,7,10,1,11,7
171,8,11,2,12,8
171,9,9,3,13,12
171,10,4,14,13,10
171,11,14,5,11,15
171,12,12,6,16,15
171,13,17,16,13,7
171,14,17,14,1,8
172,1,13,6,2,5
172,2,3,7,14,6
172,3,8,7,4,15
172,4,9,8,16,5
172,5,17,6,10,9
172,6,7,11,1,10
172,7,8,2,11,12
172,8,13,3,9,12
172,9,10,4,13,14
172,10,11,15,5,14
172,11,16,6,15,12
172,12,16,17,13,7
172,13,17,8,1,14
172,14,2,15,9,1
173,1,3,7,14,6
173,2,7,8,15,4
173,3,9,5,16,8
173,4,9,10,6,17
173,5,1,11,10,7
173,6,12,8,2,11
173,7,9,3,13,12
173,8,10,13,4,14
173,9,11,15,14,5
173,10,15,6,12,16
173,11,13,17,16,7
173,12,17,8,1,14
173,13,2,9,15,1
173,14,10,16,2,3
174,1,4,7,15,8
174,2,8,16,9,5
174,3,17,6,9,10
174,4,1,11,10,7
174,5,11,2,8,12
174,6,12,3,13,9
174,7,4,10,14,13
174,8,5,11,14,15
174,9,6,15,16,12
174,10,17,16,7,13
174,11,14,8,17,1
174,12,2,1,9,15
174,13,3,2,16,10
174,14,3,11,4,17
175,1,5,16,8,9
175,2,10,17,6,9
175,3,1,7,11,10
175,4,11,8,2,12
175,5,12,9,3,13
175,6,13,4,10,14
175,7,15,11,5,14
175,8,15,16,12,6
175,9,16,7,17,13
175,10,14,17,8,1
175,11,15,1,2,9
175,12,16,10,2,3
175,13,11,17,3,4
175,14,4,12,1,5
176,1,6,10,9,17
176,2,7,11,10,1
176,3,12,2,8,11
176,4,3,9,12,13
176,5,14,4,13,10
176,6,5,14,15,11
176,7,16,6,12,15
176,8,16,17,7,13
176,9,1,14,8,17
176,10,9,2,15,1
176,11,10,16,3,2
176,12,3,17,11,4
176,13,5,12,4,1
176,14,5,6,13,2
177,1,11,10,1,7
177,2,8,11,2,12
177,3,9,12,3,13
177,4,4,13,10,14
177,5,14,11,5,15
177,6,15,6,12,16
177,7,17,7,16,13
177,8,14,17,8,1
177,9,15,2,9,1
177,10,16,2,10,3
177,11,17,11,3,4
177,12,12,4,1,5
177,13,13,2,6,5
177,14,6,14,3,7
178,1,12,2,11,8
178,2,12,3,9,13
178,3,4,14,13,10
178,4,15,5,14,11
178,5,6,12,15,16
178,6,16,13,17,7
178,7,8,17,1,14
178,8,2,9,15,1
178,9,16,3,2,10
178,10,17,3,4,11
178,11,1,4,12,5
178,12,13,6,2,5
178,13,6,14,7,3
178,14,7,4,8,15
179,1,3,13,9,12
179,2,4,13,10,14
179,3,15,5,14,11
179,4,16,6,12,15
179,5,16,13,7,17
179,6,8,17,1,14
179,7,9,2,15,1
179,8,16,2,10,3
179,9,11,3,4,17
179,10,5,4,12,1
179,11,5,2,6,13
179,12,14,3,7,6
179,13,15,8,4,7
179,14,8,5,16,9
180,1,13,4,10,14
180,2,14,11,15,5
180,3,16,15,6,12
180,4,17,13,7,16
180,5,8,1,14,17
180,6,2,1,9,15
180,7,16,10,2,3
180,8,17,3,11,4
180,9,1,4,12,5
180,10,2,13,6,5
180,11,14,3,6,7
180,12,7,8,4,15
180,13,9,16,5,8
180,14,6,9,17,10
181,1,5,15,11,14
181,2,12,15,16,6
181,3,7,16,13,17
181,4,1,8,14,17
181,5,1,15,2,9
181,6,16,10,2,3
181,7,4,11,3,17
181,8,5,12,1,4
181,9,6,2,5,13
181,10,3,7,14,6
181,11,7,15,8,4
181,12,8,9,5,16
181,13,10,6,9,17
181,14,11,1,7,10
182,1,12,6,15,16
182,2,17,13,7,16
182,3,8,14,1,17
182,4,1,15,9,2
182,5,10,2,16,3
182,6,3,11,4,17
182,7,4,1,12,5
182,8,5,6,2,13
182,9,3,6,7,14
182,10,7,8,4,15
182,11,8,5,16,9
182,12,17,6,9,10
182,13,10,7,11,1
182,14,2,11,12,8
183,1,13,16,17,7
183,2,8,14,17,1
183,3,2,1,15,9
183,4,3,10,2,16
183,5,4,11,3,17
183,6,5,4,12,1
183,7,2,6,5,13
183,8,7,6,3,14
183,9,7,8,15,4
183,10,9,16,8,5
183,11,9,10,17,6
183,12,7,1,11,10
183,13,12,11,2,8
183,14,3,13,9,12
184,1,17,14,8,1
184,2,1,15,2,9
184,3,3,2,16,10
184,4,11,17,3,4
184,5,4,1,5,12
184,6,13,6,5,2
184,7,14,6,7,3
184,8,15,8,4,7
184,9,5,8,9,16
184,10,6,9,17,10
184,11,10,7,11,1
184,12,12,11,2,8
184,13,12,3,13,9
184,14,14,4,13,10
185,1,9,1,15,2
185,2,2,3,10,16
185,3,3,17,11,4
185,4,4,5,12,1
185,5,2,5,6,13
185,6,14,3,6,7
185,7,7,15,8,4
185,8,9,16,5,8
185,9,17,9,10,6
185,10,7,1,10,11
185,11,8,11,2,12
185,12,12,9,3,13
185,13,10,14,4,13
185,14,5,15,14,11
186,1,2,3,10,16
186,2,17,3,4,11
186,3,4,12,1,5
186,4,13,5,2,6
186,5,14,7,3,6
186,6,7,4,15,8
186,7,8,16,5,9
186,8,17,10,9,6
186,9,11,1,7,10
186,10,11,12,8,2
186,11,12,13,3,9
186,12,10,13,14,4
186,13,5,15,11,14
186,14,12,15,6,16
187,1,4,3,11,17
187,2,12,4,1,5
187,3,2,5,6,13
187,4,14,7,6,3
187,5,15,4,7,8
187,6,5,16,8,9
187,7,17,10,9,6
187,8,11,10,1,7
187,9,11,8,12,2
187,10,12,9,3,13
187,11,14,13,4,10
187,12,5,15,11,14
187,13,16,15,12,6
187,14,7,16,13,17
188,1,6,1,14,4
188,2,15,2,7,5
188,3,3,8,6,16
188,4,4,7,9,17
188,5,1,5,8,10
188,6,9,2,6,11
188,7,10,3,12,7
188,8,11,13,8,4
188,9,9,5,14,12
188,10,13,10,15,6
188,11,11,14,7,16
188,12,15,17,12,8
188,13,13,1,9,16
188,14,10,2,14,17
189,1,5,15,2,7
189,2,16,6,3,8
189,3,9,17,4,7
189,4,10,5,1,8
189,5,9,2,11,6
189,6,10,12,7,3
189,7,13,4,11,8
189,8,14,5,12,9
189,9,10,6,13,15
189,10,11,16,14,7
189,11,12,8,15,17
189,12,16,9,1,13
189,13,2,14,17,10
189,14,15,3,11,1
190,1,3,6,16,8
190,2,9,17,4,7
190,3,1,8,5,10
190,4,2,9,6,11
190,5,7,10,3,12
190,6,4,8,13,11
190,7,5,9,12,14
190,8,6,10,15,13
190,9,7,14,16,11
190,10,17,12,8,15
190,11,13,1,16,9
190,12,2,17,10,14
190,13,3,15,11,1
190,14,12,2,4,16
191,1,7,17,9,4
191,2,1,10,8,5
191,3,9,11,6,2
191,4,12,3,7,10
191,5,11,4,13,8
191,6,12,5,14,9
191,7,10,6,13,15
191,8,11,7,14,16
191,9,12,17,8,15
191,10,9,16,1,13
191,11,14,2,10,17
191,12,11,1,15,3
191,13,2,12,16,4
191,14,3,13,17,5
192,1,1,10,5,8
192,2,11,9,6,2
192,3,3,7,12,10
192,4,13,8,4,11
192,5,12,5,9,14
192,6,13,6,15,10
192,7,16,14,11,7
192,8,12,8,17,15
192,9,1,9,16,13
192,10,10,14,17,2
192,11,3,1,15,11
192,12,12,2,4,16
192,13,13,3,5,17
192,14,14,6,4,1
193,1,9,2,11,6
193,2,7,12,3,10
193,3,4,8,13,11
193,4,5,12,14,9
193,5,6,13,10,15
193,6,16,7,14,11
193,7,12,15,8,17
193,8,9,1,16,13
193,9,10,2,17,14
193,10,1,3,15,11
193,11,2,4,12,16
193,12,5,17,13,3
193,13,6,4,14,1
193,14,15,2,5,7
194,1,3,12,10,7
194,2,13,8,4,11
194,3,14,5,9,12
194,4,10,15,6,13
194,5,11,16,14,7
194,6,8,15,12,17
194,7,13,16,1,9
194,8,17,10,14,2
194,9,1,3,11,15
194,10,2,12,16,4
194,11,5,13,3,17
194,12,14,1,6,4
194,13,15,2,5,7
194,14,6,16,3,8
195,1,11,4,8,13
195,2,12,14,5,9
195,3,10,13,6,15
195,4,14,7,11,16
195,5,17,8,12,15
195,6,13,9,16,1
195,7,14,17,10,2
195,8,15,11,1,3
195,9,4,2,12,16
195,10,13,17,5,3
195,11,4,6,1,14
195,12,5,15,7,2
195,13,16,3,8,6
195,14,4,9,7,17
196,1,9,12,14,5
196,2,13,10,15,6
196,3,11,14,16,7
196,4,12,8,15,17
196,5,1,16,13,9
196,6,10,17,14,2
196,7,11,3,1,15
196,8,12,4,2,16
196,9,3,13,5,17
196,10,4,1,6,14
196,11,5,7,15,2
196,12,3,16,6,8
196,13,7,4,17,9
196,14,5,8,1,10
197,1,13,15,6,10
197,2,11,16,14,7
197,3,8,17,15,12
197,4,1,13,16,9
197,5,17,14,2,10
197,6,1,15,3,11
197,7,2,4,12,16
197,8,17,5,13,3
197,9,6,1,14,4
197,10,7,15,5,2
197,11,6,3,16,8
197,12,17,7,9,4
197,13,1,10,8,5
197,14,9,6,11,2
198,1,16,11,14,7
198,2,17,15,8,12
198,3,13,9,16,1
198,4,10,2,17,14
198,5,1,3,11,15
198,6,2,16,12,4
198,7,3,5,17,13
198,8,1,14,4,6
198,9,2,15,7,5
198,10,16,6,8,3
198,11,7,4,17,9
198,12,10,1,5,8
198,13,9,11,6,2
198,14,7,3,10,12
199,1,17,12,8,15
199,2,16,13,9,1
199,3,2,10,17,14
199,4,3,11,1,15
199,5,12,2,4,16
199,6,13,3,5,17
199,7,14,1,6,4
199,8,2,5,15,7
199,9,8,6,3,16
199,10,7,4,9,17
199,11,8,10,5,1
199,12,9,11,6,2
199,13,7,3,12,10
199,14,8,11,13,4
200,1,16,1,13,9
200,2,2,10,17,14
200,3,3,1,11,15
200,4,2,4,12,16
200,5,5,3,13,17
200,6,4,14,6,1
200,7,5,2,7,15
200,8,6,8,3,16
200,9,7,17,4,9
200,10,5,10,8,1
200,11,6,9,2,11
200,12,12,7,10,3
200,13,4,11,13,8
200,14,14,12,9,5
201,1,10,14,17,2
201,2,11,3,1,15
201,3,2,12,16,4
201,4,13,5,3,17
201,5,4,14,6,1
201,6,2,15,7,5
201,7,6,8,3,16
201,8,7,4,17,9
201,9,8,1,10,5
201,10,2,6,11,9
201,11,3,12,10,7
201,12,4,8,13,11
201,13,12,9,14,5
201,14,15,6,10,13
202,1,1,3,11,15
202,2,16,4,2,12
202,3,17,5,3,13
202,4,6,4,14,1
202,5,2,15,5,7
202,6,3,6,8,16
202,7,4,9,17,7
202,8,1,5,10,8
202,9,9,6,11,2
202,10,10,7,12,3
202,11,13,4,11,8
202,12,9,14,12,5
202,13,10,6,15,13
202,14,16,11,14,7
203,1,16,4,2,12
203,2,5,13,17,3
203,3,1,14,6,4
203,4,7,2,15,5
203,5,6,8,3,16
203,6,17,4,7,9
203,7,5,8,10,1
203,8,9,6,11,2
203,9,12,10,3,7
203,10,8,4,13,11
203,11,12,14,5,9
203,12,6,10,15,13
203,13,7,16,11,14
203,14,12,8,15,17
204,1,17,5,3,13
204,2,14,6,4,1
204,3,7,15,5,2
204,4,3,6,16,8
204,5,4,9,17,7
204,6,10,1,5,8
204,7,11,9,2,6
204,8,10,7,3,12
204,9,11,4,13,8
204,10,12,9,5,14
204,11,6,13,10,15
204,12,16,7,14,11
204,13,12,17,15,8
204,14,1,16,9,13
205,1,1,7,5,2
205,2,8,3,6,2
205,3,4,7,9,3
205,4,5,10,4,8
205,5,9,6,11,5
205,6,12,6,7,10
205,7,7,11,8,13
205,8,14,8,9,12
205,9,13,10,15,9
205,10,16,10,11,14
205,11,17,12,15,11
205,12,1,12,13,16
205,13,17,14,2,13
205,14,15,14,3,1
206,1,8,6,2,3
206,2,7,4,3,9
206,3,4,8,5,10
206,4,11,5,6,9
206,5,6,10,7,12
206,6,11,7,13,8
206,7,8,14,9,12
206,8,13,15,10,9
206,9,11,10,14,16
206,10,17,12,11,15
206,11,12,1,16,13
206,12,17,13,14,2
206,13,3,1,14,15
206,14,16,15,2,4
207,1,3,9,7,4
207,2,4,5,10,8
207,3,9,5,11,6
207,4,12,6,7,10
207,5,8,7,11,13
207,6,9,14,12,8
207,7,15,13,10,9
207,8,16,11,10,14
207,9,11,12,17,15
207,10,12,13,1,16
207,11,13,14,17,2
207,12,14,15,1,3
207,13,15,4,16,2
207,14,17,5,16,3
208,1,8,5,10,4
208,2,5,6,11,9
208,3,10,12,7,6
208,4,8,13,11,7
208,5,14,9,12,8
208,6,9,15,13,10
208,7,16,14,11,10
208,8,17,11,15,12
208,9,13,1,16,12
208,10,14,2,17,13
208,11,15,3,1,14
208,12,4,2,15,16
208,13,3,17,16,5
208,14,17,4,1,6
209,1,6,9,11,5
209,2,10,12,6,7
209,3,7,13,8,11
209,4,9,8,14,12
209,5,10,13,15,9
209,6,14,16,10,11
209,7,17,11,12,15
209,8,16,12,1,13
209,9,14,17,2,13
209,10,3,1,15,14
209,11,16,4,2,15
209,12,17,16,5,3
209,13,6,17,1,4
209,14,5,2,7,1
210,1,7,10,6,12
210,2,11,7,8,13
210,3,12,9,14,8
210,4,13,9,10,15
210,5,14,11,16,10
210,6,12,17,11,15
210,7,13,1,12,16
210,8,13,2,14,17
210,9,3,1,14,15
210,10,15,16,4,2
210,11,17,16,3,5
210,12,17,4,6,1
210,13,7,5,2,1
210,14,6,8,2,3
211,1,8,11,13,7
211,2,12,8,14,9
211,3,13,15,10,9
211,4,11,16,14,10
211,5,11,17,15,12
211,6,1,16,13,12
211,7,13,14,17,2
211,8,3,14,1,15
211,9,16,15,2,4
211,10,16,5,17,3
211,11,17,4,6,1
211,12,1,5,7,2
211,13,6,2,8,3
211,14,9,3,7,4
212,1,12,8,9,14
212,2,15,13,10,9
212,3,14,16,11,10
212,4,12,17,11,15
212,5,13,1,12,16
212,6,2,13,17,14
212,7,14,15,1,3
212,8,4,15,16,2
212,9,16,3,5,17
212,10,4,17,1,6
212,11,7,1,5,2
212,12,6,8,2,3
212,13,4,9,7,3
212,14,8,4,10,5
213,1,13,9,10,15
213,2,10,14,16,11
213,3,15,12,17,11
213,4,16,1,13,12
213,5,13,17,2,14
213,6,3,14,1,15
213,7,4,15,16,2
213,8,5,3,17,16
213,9,1,6,17,4
213,10,2,7,1,5
213,11,2,3,8,6
213,12,4,3,7,9
213,13,4,10,5,8
213,14,9,5,6,11
214,1,10,14,11,16
214,2,11,12,15,17
214,3,16,12,13,1
214,4,2,17,14,13
214,5,15,3,1,14
214,6,2,15,16,4
214,7,16,5,17,3
214,8,4,1,17,6
214,9,5,1,2,7
214,10,6,8,2,3
214,11,3,9,4,7
214,12,8,4,5,10
214,13,5,9,11,6
214,14,12,7,10,6
215,1,15,12,17,11
215,2,12,1,13,16
215,3,2,17,13,14
215,4,15,14,3,1
215,5,4,15,16,2
215,6,16,3,17,5
215,7,1,6,4,17
215,8,7,2,5,1
215,9,2,6,3,8
215,10,3,4,7,9
215,11,8,10,4,5
215,12,9,6,11,5
215,13,6,10,7,12
215,14,8,13,7,11
216,1,12,16,1,13
216,2,17,14,2,13
216,3,3,15,1,14
216,4,16,2,4,15
216,5,16,5,3,17
216,6,17,4,1,6
216,7,1,2,5,7
216,8,6,8,3,2
216,9,7,4,9,3
216,10,8,10,5,4
216,11,9,5,11,6
216,12,12,10,6,7
216,13,11,8,13,7
216,14,8,12,14,9
217,1,2,17,13,14
217,2,3,1,15,14
217,3,4,15,2,16
217,4,16,5,17,3
217,5,6,4,17,1
217,6,1,2,7,5
217,7,8,6,3,2
217,8,3,7,9,4
217,9,8,4,5,10
217,10,5,6,9,11
217,11,6,12,7,10
217,12,11,7,13,8
217,13,9,14,8,12
217,14,10,9,15,13
218,1,15,1,3,14
218,2,4,2,16,15
218,3,16,3,17,5
218,4,1,17,4,6
218,5,2,1,7,5
218,6,3,2,6,8
218,7,3,7,4,9
218,8,10,5,8,4
218,9,9,5,6,11
218,10,6,7,10,12
218,11,7,13,11,8
218,12,12,14,9,8
218,13,9,13,15,10
218,14,11,10,14,16
219,1,4,2,16,15
219,2,3,5,16,17
219,3,6,4,1,17
219,4,1,2,5,7
219,5,3,8,2,6
219,6,7,3,9,4
219,7,5,4,8,10
219,8,9,5,6,11
219,9,10,6,12,7
219,10,13,7,11,8
219,11,9,14,8,12
219,12,15,10,9,13
219,13,10,14,16,11
219,14,17,12,11,15
220,1,5,16,17,3
220,2,1,4,17,6
220,3,1,7,5,2
220,4,6,3,2,8
220,5,3,9,4,7
220,6,4,5,10,8
220,7,6,5,11,9
220,8,6,12,7,10
220,9,7,13,8,11
220,10,14,9,12,8
220,11,15,9,10,13
220,12,14,16,11,10
220,13,12,15,17,11
220,14,13,16,12,1
221,1,1,4,17,6
221,2,1,7,2,5
221,3,2,6,3,8
221,4,4,9,3,7
221,5,5,10,4,8
221,6,6,5,9,11
221,7,7,6,10,12
221,8,8,11,7,13
221,9,12,8,9,14
221,10,15,13,9,10
221,11,10,16,11,14
221,12,15,11,17,12
221,13,16,13,12,1
221,14,17,14,13,2
222,1,8,9,3,1
222,2,10,4,2,9
222,3,11,10,5,3
222,4,12,6,11,4
222,5,12,5,7,13
222,6,6,14,8,13
222,7,15,14,7,9
222,8,16,8,10,15
222,9,16,9,11,17
222,10,17,10,1,12
222,11,1,11,2,13
222,12,3,12,2,14
222,13,4,3,13,15
222,14,16,5,4,14
223,1,10,2,4,9
223,2,5,3,10,11
223,3,4,12,11,6
223,4,13,12,5,7
223,5,8,6,14,13
223,6,7,14,15,9
223,7,16,15,10,8
223,8,17,11,16,9
223,9,10,17,12,1
223,10,2,11,1,13
223,11,12,14,2,3
223,12,4,13,15,3
223,13,14,16,4,5
223,14,17,6,5,15
224,1,3,5,11,10
224,2,6,11,12,4
224,3,5,7,12,13
224,4,14,13,8,6
224,5,15,14,7,9
224,6,15,10,8,16
224,7,16,11,17,9
224,8,12,17,10,1
224,9,13,1,11,2
224,10,14,12,2,3
224,11,13,3,4,15
224,12,14,4,16,5
224,13,15,6,5,17
224,14,16,1,6,7
225,1,11,6,12,4
225,2,7,5,12,13
225,3,6,13,14,8
225,4,15,7,9,14
225,5,15,8,10,16
225,6,11,17,16,9
225,7,1,10,17,12
225,8,11,1,13,2
225,9,14,12,2,3
225,10,15,3,13,4
225,11,5,4,16,14
225,12,15,17,6,5
225,13,16,1,6,7
225,14,8,17,2,7
226,1,12,5,7,13
226,2,14,8,6,13
226,3,9,15,14,7
226,4,8,16,10,15
226,5,9,17,16,11
226,6,12,10,1,17
226,7,1,11,13,2
226,8,14,3,2,12
226,9,3,13,15,4
226,10,14,16,5,4
226,11,6,17,5,15
226,12,7,1,16,6
226,13,2,17,7,8
226,14,3,1,9,8
227,1,14,8,6,13
227,2,7,15,9,14
227,3,8,10,15,16
227,4,17,11,9,16
227,5,10,12,17,1
227,6,2,1,11,13
227,7,2,12,14,3
227,8,13,3,15,4
227,9,4,14,5,16
227,10,6,17,15,5
227,11,7,6,1,16
227,12,17,2,8,7
227,13,8,1,9,3
227,14,4,9,2,10
228,1,7,9,15,14
228,2,15,8,16,10
228,3,17,11,9,16
228,4,10,1,17,12
228,5,11,1,13,2
228,6,12,2,14,3
228,7,15,13,4,3
228,8,4,16,5,14
228,9,6,17,15,5
228,10,1,16,7,6
228,11,2,17,7,8
228,12,8,3,1,9
228,13,4,9,10,2
228,14,11,5,3,10
229,1,10,8,16,15
229,2,11,16,17,9
229,3,17,12,10,1
229,4,1,2,13,11
229,5,2,12,3,14
229,6,3,15,4,13
229,7,5,16,14,4
229,8,15,17,5,6
229,9,6,7,16,1
229,10,17,8,2,7
229,11,1,8,3,9
229,12,9,4,10,2
229,13,5,11,10,3
229,14,11,6,4,12
230,1,9,11,17,16
230,2,12,10,17,1
230,3,11,13,2,1
230,4,12,2,14,3
230,5,15,13,4,3
230,6,5,14,4,16
230,7,6,17,5,15
230,8,6,16,7,1
230,9,2,17,8,7
230,10,1,9,3,8
230,11,2,9,4,10
230,12,11,5,10,3
230,13,12,4,6,11
230,14,5,12,13,7
231,1,1,12,17,10
231,2,13,1,2,11
231,3,12,2,3,14
231,4,13,4,15,3
231,5,5,16,14,4
231,6,17,6,15,5
231,7,6,7,1,16
231,8,2,7,17,8
231,9,9,1,8,3
231,10,2,9,4,10
231,11,3,5,10,11
231,12,6,12,4,11
231,13,7,13,12,5
231,14,6,14,8,13
232,1,11,13,1,2
232,2,14,12,2,3
232,3,13,15,3,4
232,4,4,14,16,5
232,5,6,17,15,5
232,6,7,16,1,6
232,7,17,7,8,2
232,8,9,8,3,1
232,9,9,4,10,2
232,10,3,11,10,5
232,11,12,4,6,11
232,12,12,7,13,5
232,13,6,14,8,13
232,14,15,7,9,14
233,1,2,12,14,3
233,2,13,4,15,3
233,3,5,14,4,16
233,4,5,15,6,17
233,5,1,7,6,16
233,6,8,7,2,17
233,7,8,9,3,1
233,8,9,10,2,4
233,9,11,10,5,3
233,10,6,11,12,4
233,11,13,7,12,5
233,12,14,6,13,8
233,13,14,7,9,15
233,14,10,15,16,8
234,1,3,13,15,4
234,2,4,5,14,16
234,3,5,6,15,17
234,4,1,16,6,7
234,5,7,2,8,17
234,6,9,8,1,3
234,7,9,10,2,4
234,8,10,11,3,5
234,9,6,11,12,4
234,10,7,13,12,5
234,11,13,14,6,8
234,12,9,14,15,7
234,13,10,16,8,15
234,14,9,11,17,16
235,1,5,14,16,4
235,2,17,15,6,5
235,3,16,6,7,1
235,4,8,2,7,17
235,5,3,9,8,1
235,6,2,9,10,4
235,7,11,10,5,3
235,8,11,12,6,4
235,9,7,13,12,5
235,10,8,14,13,6
235,11,7,9,14,15
235,12,15,10,8,16
235,13,17,11,16,9
235,14,10,17,1,12
236,1,15,6,17,5
236,2,7,1,6,16
236,3,7,8,17,2
236,4,1,3,9,8
236,5,10,2,4,9
236,6,3,5,10,11
236,7,12,4,6,11
236,8,13,7,5,12
236,9,6,14,13,8
236,10,9,14,15,7
236,11,16,8,10,15
236,12,17,16,9,11
236,13,1,10,17,12
236,14,1,11,2,13
237,1,6,7,16,1
237,2,17,7,2,8
237,3,9,3,1,8
237,4,2,9,10,4
237,5,11,3,10,5
237,6,6,4,12,11
237,7,13,7,5,12
237,8,14,8,13,6
237,9,15,14,9,7
237,10,15,8,10,16
237,11,11,9,16,17
237,12,17,12,1,10
237,13,1,11,2,13
237,14,2,14,3,12
238,1,2,7,17,8
238,2,1,3,9,8
238,3,2,10,9,4
238,4,3,5,10,11
238,5,11,4,12,6
238,6,13,7,12,5
238,7,13,14,6,8
238,8,14,7,9,15
238,9,15,16,10,8
238,10,11,16,17,9
238,11,12,1,10,17
238,12,1,11,13,2
238,13,12,2,3,14
238,14,3,15,4,13
239,1,4,5,1,12
239,2,6,2,13,5
239,3,6,7,3,14
239,4,15,7,8,4
239,5,9,16,8,5
239,6,17,10,9,6
239,7,10,11,1,7
239,8,12,8,2,11
239,9,9,12,13,3
239,10,13,10,14,4
239,11,15,14,5,11
239,12,12,15,16,6
239,13,13,7,16,17
239,14,14,8,17,1
240,1,13,5,6,2
240,2,6,7,3,14
240,3,4,15,7,8
240,4,5,8,9,16
240,5,6,10,9,17
240,6,11,1,10,7
240,7,12,11,2,8
240,8,13,9,3,12
240,9,13,4,10,14
240,10,5,15,11,14
240,11,12,6,16,15
240,12,16,7,13,17
240,13,8,1,14,17
240,14,15,1,9,2
241,1,14,3,7,6
241,2,7,15,8,4
241,3,8,9,5,16
241,4,17,6,9,10
241,5,11,7,1,10
241,6,2,12,8,11
241,7,13,3,12,9
241,8,10,13,14,4
241,9,5,14,11,15
241,10,12,15,16,6
241,11,13,7,17,16
241,12,1,8,17,14
241,13,2,15,9,1
241,14,10,16,2,3
242,1,7,4,15,8
242,2,8,9,16,5
242,3,17,6,10,9
242,4,10,1,7,11
242,5,11,12,8,2
242,6,12,13,3,9
242,7,14,4,13,10
242,8,15,14,11,5
242,9,12,16,15,6
242,10,16,17,7,13
242,11,14,1,8,17
242,12,1,9,2,15
242,13,16,3,10,2
242,14,17,11,3,4
243,1,5,16,8,9
243,2,9,10,17,6
243,3,10,11,1,7
243,4,8,2,12,11
243,5,13,12,9,3
243,6,13,10,4,14
243,7,5,14,15,11
243,8,16,15,6,12
243,9,16,17,13,7
243,10,1,14,8,17
243,11,15,9,2,1
243,12,2,10,16,3
243,13,11,17,3,4
243,14,5,4,12,1
244,1,6,17,9,10
244,2,11,1,7,10
244,3,11,8,12,2
244,4,3,13,9,12
244,5,14,10,4,13
244,6,11,15,5,14
244,7,6,16,12,15
244,8,7,16,13,17
244,9,8,1,17,14
244,10,15,2,9,1
244,11,2,16,10,3
244,12,4,11,3,17
244,13,1,4,12,5
244,14,2,13,5,6
245,1,1,7,10,11
245,2,8,11,12,2
245,3,9,13,12,3
245,4,10,13,4,14
245,5,14,5,11,15
245,6,15,12,16,6
245,7,16,13,17,7
245,8,1,14,8,17
245,9,9,1,2,15
245,10,10,2,16,3
245,11,17,3,11,4
245,12,1,5,12,4
245,13,6,5,13,2
245,14,3,7,14,6
246,1,12,11,8,2
246,2,3,9,13,12
246,3,10,4,13,14
246,4,11,5,15,14
246,5,6,12,15,16
246,6,13,16,7,17
246,7,14,1,8,17
246,8,9,15,2,1
246,9,16,3,2,10
246,10,11,3,17,4
246,11,4,12,1,5
246,12,5,13,6,2
246,13,7,3,14,6
246,14,7,8,15,4
247,1,13,9,3,12
247,2,10,14,4,13
247,3,15,11,14,5
247,4,12,6,15,16
247,5,13,17,7,16
247,6,1,17,14,8
247,7,9,1,15,2
247,8,2,3,10,16
247,9,11,3,17,4
247,10,12,1,5,4
247,11,6,5,13,2
247,12,3,6,14,7
247,13,8,15,7,4
247,14,8,16,9,5
248,1,13,4,14,10
248,2,15,5,14,11
248,3,16,15,6,12
248,4,16,17,13,7
248,5,1,8,17,14
248,6,15,9,2,1
248,7,2,16,10,3
248,8,3,17,4,11
248,9,1,5,4,12
248,10,5,2,6,13
248,11,14,7,3,6
248,12,8,7,4,15
248,13,8,16,5,9
248,14,10,9,17,6
249,1,11,15,14,5
249,2,16,12,6,15
249,3,17,13,16,7
249,4,17,1,14,8
249,5,2,9,15,1
249,6,2,3,10,16
249,7,3,4,17,11
249,8,1,4,5,12
249,9,6,5,13,2
249,10,14,6,7,3
249,11,15,4,7,8
249,12,8,16,5,9
249,13,17,6,10,9
249,14,10,1,11,7
250,1,16,15,6,12
250,2,13,17,7,16
250,3,17,14,1,8
250,4,9,2,15,1
250,5,2,10,3,16
250,6,11,3,17,4
250,7,5,4,1,12
250,8,2,13,6,5
250,9,6,7,14,3
250,10,4,7,15,8
250,11,16,8,9,5
250,12,6,10,17,9
250,13,10,11,7,1
250,14,12,11,8,2
251,1,13,16,17,7
251,2,8,17,14,1
251,3,15,2,9,1
251,4,16,10,3,2
251,5,11,17,4,3
251,6,5,1,12,4
251,7,13,5,2,6
251,8,14,6,3,7
251,9,15,4,8,7
251,10,8,9,5,16
251,11,10,9,17,6
251,12,11,10,7,1
251,13,8,11,2,12
251,14,9,12,3,13
252,1,1,14,17,8
252,2,1,15,2,9
252,3,10,3,16,2
252,4,3,11,4,17
252,5,12,5,4,1
252,6,13,2,6,5
252,7,7,3,14,6
252,8,4,8,7,15
252,9,8,5,9,16
252,10,6,9,10,17
252,11,10,7,11,1
252,12,8,12,11,2
252,13,3,9,12,13
252,14,10,14,13,4
253,1,2,1,15,9
253,2,3,2,16,10
253,3,11,17,4,3
253,4,5,1,12,4
253,5,5,13,6,2
253,6,14,3,7,6
253,7,8,15,4,7
253,8,9,8,5,16
253,9,6,10,17,9
253,10,11,1,10,7
253,11,11,8,12,2
253,12,13,12,3,9
253,13,14,10,13,4
253,14,15,5,14,11
254,1,16,3,10,2
254,2,4,3,11,17
254,3,4,12,5,1
254,4,6,2,13,5
254,5,3,14,7,6
254,6,15,4,8,7
254,7,9,16,8,5
254,8,9,17,10,6
254,9,7,10,11,1
254,10,8,12,11,2
254,11,13,3,12,9
254,12,14,10,13,4
254,13,14,11,5,15
254,14,6,15,16,12
255,1,3,11,17,4
255,2,12,4,1,5
255,3,5,13,2,6
255,4,3,7,6,14
255,5,8,4,15,7
255,6,9,16,8,5
255,7,10,9,6,17
255,8,1,11,10,7
255,9,2,8,11,12
255,10,13,12,3,9
255,11,13,4,10,14
255,12,11,15,14,5
255,13,15,6,16,12
255,14,17,13,16,7
256,1,4,14,6,1
256,2,7,2,15,5
256,3,6,16,3,8
256,4,9,4,17,7
256,5,1,8,5,10
256,6,9,6,11,2
256,7,12,3,7,10
256,8,8,4,13,11
256,9,5,9,12,14
256,10,15,6,10,13
256,11,14,16,7,11
256,12,17,12,15,8
256,13,9,1,16,13
256,14,2,14,10,17
257,1,2,15,7,5
257,2,8,3,6,16
257,3,7,4,9,17
257,4,10,8,5,1
257,5,6,2,9,11
257,6,10,7,3,12
257,7,11,13,8,4
257,8,5,12,9,14
257,9,15,13,6,10
257,10,11,16,14,7
257,11,17,15,8,12
257,12,16,9,13,1
257,13,14,10,2,17
257,14,11,15,1,3
258,1,16,3,6,8
258,2,17,9,7,4
258,3,1,10,5,8
258,4,9,2,11,6
258,5,10,3,7,12
258,6,4,13,8,11
258,7,9,5,14,12
258,8,10,13,6,15
258,9,11,14,16,7
258,10,17,12,8,15
258,11,13,9,16,1
258,12,14,17,2,10
258,13,11,1,3,15
258,14,12,4,16,2
259,1,7,17,9,4
259,2,10,5,8,1
259,3,11,9,2,6
259,4,12,3,10,7
259,5,11,13,8,4
259,6,5,14,9,12
259,7,10,13,6,15
259,8,14,7,11,16
259,9,12,8,17,15
259,10,9,1,13,16
259,11,10,17,14,2
259,12,11,3,1,15
259,13,12,4,2,16
259,14,5,17,13,3
260,1,8,1,10,5
260,2,9,6,11,2
260,3,3,7,12,10
260,4,4,11,8,13
260,5,5,12,14,9
260,6,13,10,6,15
260,7,7,11,16,14
260,8,15,12,8,17
260,9,1,9,16,13
260,10,10,2,14,17
260,11,15,11,1,3
260,12,2,4,16,12
260,13,5,3,17,13
260,14,4,14,6,1
261,1,9,2,6,11
261,2,3,12,10,7
261,3,13,4,8,11
261,4,9,12,14,5
261,5,10,15,6,13
261,6,14,16,11,7
261,7,12,17,15,8
261,8,16,13,9,1
261,9,17,2,10,14
261,10,15,3,1,11
261,11,4,2,16,12
261,12,13,17,5,3
261,13,1,14,4,6
261,14,15,7,2,5
262,1,12,7,3,10
262,2,13,8,11,4
262,3,12,9,14,5
262,4,13,6,15,10
262,5,11,14,7,16
262,6,8,12,17,15
262,7,16,13,9,1
262,8,10,2,17,14
262,9,1,15,3,11
262,10,12,16,4,2
262,11,17,13,3,5
262,12,14,1,6,4
262,13,5,15,7,2
262,14,8,6,3,16
263,1,4,11,8,13
263,2,5,9,14,12
263,3,15,10,6,13
263,4,7,11,16,14
263,5,8,17,12,15
263,6,13,9,1,16
263,7,2,17,10,14
263,8,1,3,11,15
263,9,12,4,16,2
263,10,5,13,3,17
263,11,1,6,4,14
263,12,2,5,7,15
263,13,6,8,3,16
263,14,7,9,4,17
264,1,9,12,14,5
264,2,6,10,15,13
264,3,14,16,7,11
264,4,17,8,15,12
264,5,9,13,16,1
264,6,10,14,17,2
264,7,3,15,11,1
264,8,2,16,12,4
264,9,3,13,17,5
264,10,6,14,4,1
264,11,7,15,5,2
264,12,16,6,3,8
264,13,7,4,17,9
264,14,1,10,5,8
265,1,10,13,15,6
265,2,16,14,11,7
265,3,12,17,8,15
265,4,16,13,1,9
265,5,2,17,14,10
265,6,15,1,3,11
265,7,2,16,12,4
265,8,17,13,5,3
265,9,4,6,1,14
265,10,15,5,7,2
265,11,6,8,16,3
265,12,17,9,4,7
265,13,5,8,10,1
265,14,6,9,11,2
266,1,16,11,7,14
266,2,15,8,17,12
266,3,16,9,1,13
266,4,17,2,10,14
266,5,3,1,15,11
266,6,12,4,2,16
266,7,17,13,3,5
266,8,14,4,6,1
266,9,7,2,15,5
266,10,3,6,16,8
266,11,17,7,4,9
266,12,10,1,5,8
266,13,6,11,9,2
266,14,3,12,7,10
267,1,15,8,17,12
267,2,13,9,16,1
267,3,10,2,14,17
267,4,1,3,11,15
267,5,4,16,12,2
267,6,5,17,13,3
267,7,6,4,14,1
267,8,5,7,2,15
267,9,8,16,3,6
267,10,9,4,7,17
267,11,8,1,10,5
267,12,11,2,6,9
267,13,3,7,12,10
267,14,4,13,8,11
268,1,1,16,13,9
268,2,2,14,17,10
268,3,11,3,1,15
268,4,12,16,4,2
268,5,17,3,13,5
268,6,6,14,1,4
268,7,7,15,5,2
268,8,8,6,16,3
268,9,17,4,7,9
268,10,10,5,1,8
268,11,9,11,2,6
268,12,3,7,10,12
268,13,13,11,8,4
268,14,12,14,9,5
269,1,2,10,17,14
269,2,3,11,1,15
269,3,4,16,2,12
269,4,17,13,3,5
269,5,6,14,1,4
269,6,15,5,7,2
269,7,16,8,6,3
269,8,4,17,7,9
269,9,5,8,1,10
269,10,11,2,6,9
269,11,10,7,12,3
269,12,8,4,13,11
269,13,14,9,5,12
269,14,6,10,13,15
270,1,15,3,11,1
270,2,16,4,12,2
270,3,5,13,3,17
270,4,1,6,4,14
270,5,2,7,5,15
270,6,8,3,16,6
270,7,4,7,17,9
270,8,10,8,1,5
270,9,9,6,11,2
270,10,3,10,12,7
270,11,8,4,11,13
270,12,9,5,12,14
270,13,10,15,13,6
270,14,16,7,11,14
271,1,2,16,12,4
271,2,13,3,17,5
271,3,6,1,4,14
271,4,2,5,7,15
271,5,8,3,6,16
271,6,4,17,9,7
271,7,10,1,5,8
271,8,11,9,2,6
271,9,3,10,12,7
271,10,13,8,4,11
271,11,5,12,9,14
271,12,13,15,10,6
271,13,11,14,16,7
271,14,8,17,15,12
272,1,17,3,5,13
272,2,6,1,4,14
272,3,5,15,7,2
272,4,8,16,3,6
272,5,17,9,7,4
272,6,8,10,5,1
272,7,9,2,11,6
272,8,10,7,3,12
272,9,11,8,4,13
272,10,5,12,14,9
272,11,10,13,6,15
272,12,7,16,11,14
272,13,15,12,17,8
272,14,9,13,16,1
